"","id","clutch","day_hatch","day_photo","temp","egg_treat","sp","mass.hatch","SVL_hatch","Tail_length_hatch","Weigth","Distance.moved","Time_hide_sec","Time_snout_sec","Time_emerge_sec","SVL","Tail","Total","Tail_intact","day","speed_1m_s","burst_25cm","X25fast","age","Notes","Notes.1","Notes.2.y","time_tohide","time_hiding","time_active","maternal","scaleage","svldeli","logTimeSnout","logspeed_1m","logspeed_burst","logTime_emerge_sec","z_svl"
"1","LD021_20","CL007_20","1/12/2020","31/1/2021","cold","ablated","Deli",0.134,19.015,25.873,0.503,1453.31,43,364,1610,28.506,NA,NA,"Yes",1,2.88,0.95,0.5,61,"tail tip is invisible","","",43,364,1610,"ablated",0.405729674260802,2.27430803041191,5.89715386763674,1.05779029414785,-0.693147180559945,7.38398945797851,2.27430803041191
"2","LD027_20","CL008_20","8/12/2020","31/1/2021","cold","control","Deli",0.109,17.989,22.382,0.324,661.613,6,2887,3724,25.34,36.999,62.339,"Yes",1,2.71,1.07,0.47,54,"","","",6,2887,3724,"control",-0.178796127640353,0.67611168894564,7.96797317966293,0.99694863489161,-0.755022584278033,8.22255363839696,0.67611168894564
"3","LD035_20","CL012_20","7/12/2020","11/2/2021","cold","control","Deli",0.112,17.167,22.305,0.359,62.0564,11,2036,5219,26.035,35.531,61.566,"Yes",1,3.21,1.21,0.52,66,"","","",11,2036,5219,"control",0.823248104190198,1.02694758828836,7.61874237767041,1.16627093714192,-0.653926467406664,8.56006109164341,1.02694758828836
"4","LD046_20","CL015_20","24/11/2020","31/1/2021","hot","ablated","Deli",0.103,17.877,24.752,0.321,605.448,208,NA,NA,25.036,40.75,65.786,"Yes",1,4.85,1.31,1,68,"","","",208,NA,NA,"ablated",0.990255476161957,0.522652532974148,NA,1.57897870494939,0,NA,0.522652532974148
"5","LD047_20","CL015_20","10/12/2020","31/1/2021","cold","control","Deli",0.119,18.047,26.236,0.345,482.63,20,4844,NA,25.286,NA,NA,"Yes",1,2.84,0.76,0.68,52,"tail tip is invisible","","",20,4844,NA,"control",-0.345803499612112,0.648852496766494,8.48549610467298,1.04380405217311,-0.385662480811985,NA,0.648852496766494
"6","LD049_20","CL016_20","14/12/2020","31/1/2021","cold","control","Deli",0.136,17.932,25.872,0.288,1582.96,11,3796,5023,23.907,36.375,60.282,"Yes",1,3.11,1.15,0.61,48,"","","",11,3796,5023,"control",-0.679818243555629,-0.0472665035120876,8.24170315972982,1.13462272619114,-0.49429632181478,8.52178264375005,-0.0472665035120876
"7","LD050_20","CL016_20","16/12/2020","11/2/2021","cold","ablated","Deli",0.126,18.571,24.267,0.316,752.477,177,493,932,24.177,36.386,60.563,"Yes",1,5.36,1.45,1.14,57,"","","",177,493,932,"ablated",0.0717149303172846,0.0890294573836459,6.20050917404269,1.67896397508271,0.131028262406404,6.83733281468559,0.0890294573836459
"8","LD058_20","CL019_20","24/11/2020","31/1/2021","hot","ablated","Deli",0.088,NA,NA,0.398,531.908,2,1416,1750,25.3,45.39,70.69,"Yes",1,2.81,0.88,0.6,68,"","","",2,1416,1750,"ablated",0.990255476161957,0.655919694738865,7.25559127425367,1.03318448334565,-0.510825623765991,7.46737106691756,0.655919694738865
"9","LD061_20","CL020_20","25/11/2020","11/2/2021","hot","ablated","Deli",0.126,18.799,25.124,0.486,371.93,1,NA,NA,30.147,44.976,75.123,"Yes",1,2.12,0.79,0.01,78,"wrong V1.1","","",1,NA,NA,"ablated",1.82529233602075,3.10268459274487,NA,0.751416088683921,-4.60517018598809,NA,3.10268459274487
"10","LD064_20","CL020_20","27/11/2020","21/2/2021","hot","control","Deli",0.131,18.88,28.375,0.472,645.86,3,3298,4655,25.883,NA,NA,"Yes",1,2.29,0.64,0.5,86,"has two photos","","",3,3298,4655,"control",2.49332182390778,0.950218010302615,8.10107150311954,0.828551817566148,-0.693147180559945,8.44569718971117,0.950218010302615
"11","LD065_20","CL020_20","14/12/2020","21/2/2021","cold","control","Deli",0.146,19.364,26.081,0.55,612.983,5,798,3266,NA,NA,NA,"Yes",1,3.84,1.27,0.76,69,"no photo, probably with wrong ID (LD064)","","",5,798,3266,"control",1.07375916214784,NA,6.68210859744981,1.34547236659964,-0.27443684570176,8.09132127353041,NA
"12","LD074_20","CL023_20","19/12/2020","11/2/2021","cold","ablated","Deli",0.093,15.618,21.864,0.252,586.561,18,NA,NA,21.696,31.849,53.545,"Yes",1,3.3,1,0.64,54,"","","",18,NA,NA,"ablated",-0.178796127640353,-1.1633789832916,NA,1.19392246847243,-0.44628710262842,NA,-1.1633789832916
"13","LD076_20","CL023_20","18/12/2020","11/2/2021","cold","control","Deli",0.113,18.444,26.497,0.311,980.76,5,1017,3492,26.254,39.122,65.376,"Yes",1,5.6,1.84,1.04,55,"","","",5,1017,3492,"control",-0.0952924416544739,1.13749875657046,6.92461239604856,1.7227665977411,0.0392207131532813,8.15822991695949,1.13749875657046
"14","LD090_20","CL027_20","16/12/2020","11/2/2021","cold","ablated","Deli",0.098,16.592,22.638,0.288,430.128,15,1341,1373,23.669,35.379,59.048,"Yes",1,1.99,0.72,0.31,57,"","","",15,1341,1373,"ablated",0.0717149303172846,-0.167408869042401,7.20117088328168,0.688134638736401,-1.17118298150295,7.22475340576797,-0.167408869042401
"15","LD157_20","CL046_20","7/12/2020","11/2/2021","hot","control","Deli",0.104,18.157,23.503,0.314,1081.55,2,NA,NA,24.832,33.64,58.472,"Yes",1,4.63,1.4,0.96,66,"","","",2,NA,NA,"control",0.823248104190198,0.419673362519593,NA,1.53255686809814,-0.0408219945202552,NA,0.419673362519593
"16","LD162_20","CL048_20","22/12/2020","31/1/2021","cold","ablated","Deli",0.127,17.995,24.483,0.273,697.518,1,452,1491,22.761,29.021,51.782,"Yes",1,2.83,0.83,0.55,40,"","","",1,452,1491,"ablated",-1.34784773144266,-0.625767137536202,6.11368217983223,1.04027671165515,-0.59783700075562,7.30720231476474,-0.625767137536202
"17","LD163_20","CL048_20","3/12/2020","2/3/2021","hot","ablated","Deli",0.094,17.898,24.975,0.403,1159.09,3,4215,5132,26.14,43.022,69.162,"Yes",1,6.21,1.77,1.26,89,"","","",3,4215,5132,"ablated",2.74383288186542,1.07995157308115,8.34640487043596,1.82616089594539,0.231111720963387,8.54325072573553,1.07995157308115
"18","LD169_20","CL049_20","23/12/2020","11/2/2021","cold","control","Deli",0.123,18.844,23.672,0.328,654.254,2,1646,3649,24.75,34.177,58.927,"Yes",1,2.85,0.83,0.62,50,"","","",2,1646,3649,"control",-0.51281087158387,0.378279774395703,7.40610338123702,1.04731899428056,-0.478035800943,8.20220843643645,0.378279774395703
"19","LD172_20","CL050_20","3/12/2020","11/2/2021","hot","control","Deli",0.099,17.653,21.81,0.395,532.265,3,1460,2134,25.198,39.849,65.047,"Yes",1,2.68,0.92,0.53,70,"","","",3,1460,2134,"control",1.15726284813372,0.604430109511588,7.28619171470238,0.985816794522765,-0.63487827243597,7.6657534318617,0.604430109511588
"21","LD178_20","CL052_20","23/12/2020","11/2/2021","cold","ablated","Deli",0.097,16.345,22.088,0.252,636.461,4,1826,NA,21.618,34.018,55.636,"Yes",1,16.89,14.12,0.82,50,"","","",4,1826,NA,"ablated",-0.51281087158387,-1.20275337199481,7.50988306115491,2.82672173081971,-0.198450938723838,NA,-1.20275337199481
"22","LD181_20","CL052_20","23/12/2020","11/2/2021","cold","control","Deli",NA,NA,NA,0.258,31.7252,3,3267,3626,23.755,36.369,60.124,"Yes",1,2.98,0.97,0.57,50,"","","",3,3267,3626,"control",-0.51281087158387,-0.123996081497835,8.09162741160107,1.09192330051731,-0.562118918153541,8.1958853913148,-0.123996081497835
"23","LD182_20","CL053_20","27/12/2020","2/3/2021","cold","ablated","Deli",0.123,18.258,23.426,0.373,13.9047,4,1323,2225,25.429,40.404,65.833,"Yes",1,2.76,1.06,0.48,65,"","","",4,1323,2225,"ablated",0.739744418204319,0.721038876055714,7.18765716411496,1.01523067972906,-0.7339691750802,7.70751219460034,0.721038876055714
"24","LD183_20","CL053_20","7/12/2020","21/2/2021","hot","ablated","Deli",0.117,18.464,26.329,0.476,579.753,1,1524,3423,27.473,NA,NA,"Yes",1,2.16,0.68,0.45,76,"","V2.3 wrong","",1,1524,3423,"ablated",1.65828496404899,1.75284978002194,7.32909373624659,0.770108221696074,-0.798507696217772,8.13827263853019,1.75284978002194
"25","LD185_20","CL053_20","28/12/2020","2/3/2021","cold","control","Deli",0.123,NA,NA,0.296,1063.4,7,3671,NA,23.516,31.79,55.306,"Yes",1,4.2,1.4,0.8,64,"","","",7,3671,NA,"control",0.65624073221844,-0.244643246883318,8.20821938349683,1.43508452528932,-0.22314355131421,NA,-0.244643246883318
"26","LD186_20","CL054_20","23/12/2020","31/1/2021","cold","ablated","Deli",0.102,17.864,21.439,0.29,618.339,9,1856,2999,23.113,32.654,55.767,"Yes",1,4.02,1.37,0.79,39,"","","",9,1856,2999,"ablated",-1.43135141742854,-0.448077588516579,7.52617891334615,1.39128190263093,-0.23572233352107,8.00603417874901,-0.448077588516579
"27","LD191_20","CL055_20","4/12/2020","31/1/2021","hot","ablated","Deli",0.095,17.826,22.449,0.363,886.822,21,4722,NA,26.108,39.914,66.022,"Yes",1,6.69,2.85,1.19,58,"","","",21,4722,NA,"ablated",0.155218616303164,1.06379797771573,8.45998771764546,1.90061387414014,0.173953307123438,NA,1.06379797771573
"28","LD192_20","CL055_20","24/12/2020","31/1/2021","hot","control","Deli",0.116,18.756,23.358,0.278,412.39,3,4784,NA,22.841,NA,NA,"Yes",1,3.43,1.35,0.65,38,"","","",3,4784,NA,"control",-1.51485510341442,-0.585383149122651,8.47303229563047,1.23256026117785,-0.430782916092454,NA,-0.585383149122651
"29","LD200_20","CL057_20","6/12/2020","11/2/2021","hot","control","Deli",0.103,17.706,25.211,0.331,838.521,7,3369,3448,25.999,NA,NA,"Yes",1,3.22,1.04,0.61,67,"tail tip is invisible","","",7,3369,3448,"control",0.906751790176077,1.00877479350226,8.12237124340655,1.16938135955632,-0.49429632181478,8.14554963178358,1.00877479350226
"30","LD201_20","CL057_20","26/12/2020","11/2/2021","cold","control","Deli",0.11,18.15,24.508,0.268,620.13,12,NA,NA,23.051,38.254,61.305,"Yes",1,2.65,0.82,0.41,47,"","","",12,NA,NA,"control",-0.763321929541508,-0.479375179537081,NA,0.974559639998131,-0.891598119283784,NA,-0.479375179537081
"31","LD202_20","CL058_20","24/12/2020","21/2/2021","cold","ablated","Deli",0.091,16.744,21.88,0.262,993.559,0,1001,3752,22.082,NA,NA,"Yes",1,2.82,0.83,0.52,59,"","","",0,1001,3752,"ablated",0.238722302289043,-0.968526239196214,6.90875477931522,1.03673688495002,-0.653926467406664,8.23004431012611,-0.968526239196214
"32","LD204_20","CL058_20","6/12/2020","31/1/2021","hot","control","Deli",0.104,18.169,23.487,0.316,783.356,10,2051,3723,25.541,29.456,54.997,"Yes",1,17.72,7.14,2.64,56,"","","",10,2051,3723,"control",-0.0117887556685947,0.777576459834686,7.62608275807238,2.87469394517693,0.970778917158225,8.22228507387272,0.777576459834686
"33","LD209_20","CL059_20","24/12/2020","31/1/2021","cold","control","Deli",0.113,18.051,25.354,0.255,315.902,1,799,3902,22.109,36.438,58.547,"Yes",1,2.49,0.83,0.38,38,"","Second run; turn back several times","",1,799,3902,"control",-1.51485510341442,-0.95489664310664,6.68336094576627,0.912282710476616,-0.967584026261706,8.26924452118306,-0.95489664310664
"34","LD227_20","CL066_20","5/12/2020","11/2/2021","hot","ablated","Deli",0.088,16.618,22.666,0.322,813.81,42,4729,NA,27.068,NA,NA,"Yes",1,7.17,2.19,1.42,68,"tail tip is invisible","","",42,4729,NA,"ablated",0.990255476161957,1.54840583867834,8.46146904264388,1.96990565461153,0.350656871613169,NA,1.54840583867834
"35","LD228_20","CL066_20","6/12/2020","11/2/2021","hot","control","Deli",0.115,18.09,23.867,0.334,328.726,1,NA,NA,25.13,36.875,62.005,"Yes",1,2.42,0.75,0.43,67,"","","",1,NA,NA,"control",0.906751790176077,0.570103719360069,NA,0.883767540168595,-0.843970070294529,NA,0.570103719360069
"36","LD237_20","CL069_20","7/12/2020","1/2/2021","hot","control","Deli",0.099,17.75,24.346,0.374,732.996,3,NA,NA,25.094,38.84,63.934,"Yes",1,4.53,1.78,0.88,56,"weight and photo on Mon","","",3,NA,NA,"control",-0.0117887556685947,0.551930924573972,NA,1.51072193949494,-0.127833371509885,NA,0.551930924573972
"37","LD238_20","CL069_20","23/12/2020","11/2/2021","cold","control","Deli",0.95,18.519,22.051,0.24,567.284,2,3274,4642,22.569,31.419,53.988,"Yes",1,3.12,1.06,0.54,50,"","","",2,3274,4642,"control",-0.51281087158387,-0.722688709728724,8.09376775793108,1.13783300182139,-0.616186139423817,8.44290058683438,-0.722688709728724
"38","LD241_20","CL070_20","25/12/2020","31/1/2021","cold","ablated","Deli",0.112,16.724,24.742,0.251,781.715,31,NA,NA,21.882,33.909,55.791,"Yes",1,3.24,1.04,0.61,37,"","","",31,NA,NA,"ablated",-1.5983587894003,-1.06948621023009,NA,1.17557332980424,-0.49429632181478,NA,-1.06948621023009
"39","LD242_20","CL070_20","8/12/2020","21/2/2021","hot","ablated","Deli",0.101,17.555,23.529,0.471,464.31,44,497,NA,26.523,42.097,68.62,"Yes",1,2.89,0.78,0.67,75,"","","",44,497,NA,"ablated",1.57478127806311,1.27328991761102,6.20859002609663,1.06125650212434,-0.400477566597125,NA,1.27328991761102
"40","LD243_20","CL070_20","25/12/2020","31/1/2021","cold","ablated","Deli",0.099,17.596,22.114,0.211,1406.93,27,2529,2751,22.596,31.302,53.898,"Yes",1,4.5,1.26,1.08,37,"","","",27,2529,2751,"ablated",-1.5983587894003,-0.70905911363915,7.83557924666997,1.50407739677627,0.0769610411361284,7.91971976092457,-0.70905911363915
"41","LD257_20","Cl076_20","28/12/2020","11/2/2021","cold","ablated","Deli",0.112,16.724,24.742,0.259,485.262,11,3523,3776,21.873,33.795,55.668,"Yes",1,4.97,2.08,0.77,45,"","","",11,3523,3776,"ablated",-0.930329301513267,-1.07402940892661,8.16706817834124,1.60341984010854,-0.261364764134408,8.23642052726539,-1.07402940892661
"42","LD258_20","Cl076_20","8/12/2020","31/1/2021","hot","ablated","Deli",0.091,18.23,23.082,0.257,718.987,27,1580,2534,23.566,36.614,60.18,"Yes",1,6.42,1.99,1.17,54,"","","",27,1580,2534,"ablated",-0.178796127640353,-0.219403254124848,7.36518012602101,1.85941811770187,0.157003748809665,7.83755436088108,-0.219403254124848
"43","LD263_20","CL078_20","12/12/2020","31/1/2021","hot","control","Deli",0.128,17.967,26.803,0.394,422.47,NA,NA,NA,27.002,42.175,69.177,"Yes",1,3.16,0.95,0.62,50,"","","",NA,NA,NA,"control",-0.51281087158387,1.51508904823716,NA,1.15057202759882,-0.478035800943,NA,1.51508904823716
"44","LD264_20","CL078_20","11/12/2020","21/2/2021","hot","ablated","Deli",0.118,18.337,23.742,0.383,823.588,5,3155,4428,25.559,40.586,66.145,"Yes",1,2.53,0.78,0.51,72,"","","",5,3155,4428,"ablated",1.32427022010547,0.786662857227736,8.05674377497531,0.928219302739429,-0.673344553263766,8.39570329382853,0.786662857227736
"45","LD269_20","CL079_20","28/12/2020","21/2/2021","cold","control","Deli",0.134,NA,NA,0.383,1096.57,3,218,455,24.703,32.739,57.442,"Yes",1,3.73,1.1,0.79,55,"","","",3,218,455,"control",-0.0952924416544739,0.354554181202742,5.38449506278909,1.31640823365572,-0.23572233352107,6.12029741895095,0.354554181202742
"46","LD280_20","CL084_20","11/12/2020","11/2/2021","hot","control","Deli",0.098,17.796,23.637,0.277,556.201,4,4100,5503,23.846,36.798,60.644,"Yes",1,3.27,1.15,0.66,62,"","","",4,4100,5503,"control",0.489233360246681,-0.07805929467742,8.3187422526924,1.18478998490916,-0.415515443961666,8.61304867705976,-0.07805929467742
"47","LD281_20","CL084_20","11/12/2020","21/2/2021","hot","ablated","Deli",0.094,17.758,20.583,0.429,492.34,81,NA,NA,26.948,37.733,64.681,"Yes",1,3.36,1.17,0.56,72,"","","",81,NA,NA,"ablated",1.32427022010547,1.48782985605801,NA,1.21194097397511,-0.579818495252942,NA,1.48782985605801
"48","LD282_20","CL084_20","29/12/2020","11/2/2021","cold","ablated","Deli",0.093,17.119,21.215,0.229,537.094,2,3719,NA,23.016,31.173,54.189,"Yes",1,7.03,2.42,1.35,44,"","","",2,3719,NA,"ablated",-1.01383298749915,-0.49704317446801,8.22121009392507,1.95018670582257,0.300104592450338,NA,-0.49704317446801
"49","LD283_20","CL084_20","29/12/2020","21/2/2021","cold","control","Deli",0.101,17.278,23.311,0.295,657.937,2,2135,3728,22.994,34.573,57.567,"Yes",1,2.86,0.99,0.47,54,"","","",2,2135,3728,"control",-0.178796127640353,-0.508148771281736,7.66622192566273,1.05082162483176,-0.755022584278033,8.22362717580548,-0.508148771281736
"50","LD287_20","CL086_20","24/12/2020","31/1/2021","cold","control","Deli",0.102,18.378,22.603,0.21,555.565,69,729,1452,20.72,31.569,52.289,"Yes",1,2.37,0.7,0.5,38,"","","",69,729,1452,"control",-1.51485510341442,-1.65606364193692,6.59167373200866,0.86288995514704,-0.693147180559945,7.28069719538474,-1.65606364193692
"51","LD290_20","CL086_20","8/12/2020","31/1/2021","hot","control","Deli",0.116,18.432,25.478,0.362,369.22,568,2084,5270,26.745,35.738,62.483,"Yes",1,3.33,1.07,0.68,54,"","","",568,2084,5270,"control",-0.178796127640353,1.38535548545863,7.64204440287326,1.20297230399235,-0.385662480811985,8.56978564153541,1.38535548545863
"53","LD292_20","CL087_20","30/12/2020","21/2/2021","cold","ablated","Deli",0.118,18.077,25.496,0.327,1334.11,43,552,979,23.439,41.258,64.697,"Yes",1,2.53,0.77,0.55,53,"","","",43,552,979,"ablated",-0.262299813626232,-0.283512835731359,6.3135480462771,0.928219302739429,-0.59783700075562,6.88653164253051,-0.283512835731359
"54","LD294_20","CL087_20","12/12/2020","11/2/2021","hot","control","Deli",0.131,19.436,24.554,0.416,529.417,2,1012,2604,26.394,40.788,67.182,"Yes",1,4.82,1.8,0.91,61,"","","",2,1012,2604,"control",0.405729674260802,1.20817073629417,6.91968384984741,1.57277392806251,-0.0943106794712413,7.86480400332846,1.20817073629417
"55","LD311_20","CL093_20","31/12/2020","21/2/2021","cold","ablated","Deli",0.11,17.717,23.573,0.276,496.236,11,NA,NA,22.91,32.631,55.541,"Yes",1,61.55,26.49,10.5,52,"","","",11,NA,NA,"ablated",-0.345803499612112,-0.550551959115964,NA,4.11984985263046,2.35137525716348,NA,-0.550551959115964
"56","LD312_20","CL093_20","13/12/2020","2/3/2021","hot","ablated","Deli",0.092,17.876,22.856,0.325,307.11,1,867,3492,24.108,40.238,64.346,"Yes",1,3.8,1.11,0.83,79,"","","",1,867,3492,"ablated",1.90879602200663,0.0541982673769589,6.76503897678054,1.33500106673234,-0.186329578191493,8.15822991695949,0.0541982673769589
"57","LD332_20","CL097_20","15/12/2020","21/2/2021","hot","control","Deli",0.089,17.386,20.923,0.351,1056.6,3,1421,NA,25.365,NA,NA,"Yes",1,6.27,1.83,1.12,68,"","","",3,1421,NA,"control",0.990255476161957,0.688731685324874,7.2591161280971,1.83577635464483,0.113328685307003,NA,0.688731685324874
"58","LD333_20","CL097_20","2/1/2021","2/3/2021","cold","ablated","Deli",0.083,15.855,20.291,0.263,1207.88,8,1318,1594,22.451,32.773,55.224,"Yes",1,16.83,10.02,1.3,59,"","","",8,1318,1594,"ablated",0.238722302289043,-0.782255092638711,7.18387071506245,2.82316300820271,0.262364264467491,7.37400185935016,-0.782255092638711
"59","LD336_20","CL098_20","14/12/2020","2/3/2021","hot","control","Deli",0.096,16.482,21.516,0.327,258.386,2,1738,3179,21.897,NA,NA,"Yes",1,4.49,1.39,0.83,78,"","","",2,1738,3179,"control",1.82529233602075,-1.06191421240255,7.46049030582534,1.50185270175416,-0.186329578191493,8.0643219609108,-1.06191421240255
"60","LD342_20","CL100_20","27/12/2020","31/1/2021","cold","control","Deli",0.13,18.793,24.854,0.248,430.245,NA,NA,NA,23.881,33.619,57.5,"Yes",1,2.95,0.9,0.62,35,"","","",NA,NA,NA,"control",-1.76536616137206,-0.0603912997464915,NA,1.08180517035173,-0.478035800943,NA,-0.0603912997464915
"61","LD345_20","CL101_20","31/12/2020","2/3/2021","cold","control","Deli",0.107,17.88,22.921,0.302,310.532,19,717,1975,23.633,31.347,54.98,"Yes",1,2.83,0.84,0.47,61,"","","",19,717,1975,"control",0.405729674260802,-0.185581663828499,6.57507584059962,1.04027671165515,-0.755022584278033,7.58832367733522,-0.185581663828499
"62","LD349_20","CL102_20","3/1/2021","2/3/2021","cold","control","Deli",0.092,17.88,22.698,0.22,372.548,5,4511,NA,21.164,31.841,53.005,"Yes",1,3.43,1.04,0.66,58,"","","",5,4511,NA,"control",0.155218616303164,-1.43193250624171,8.4142741374084,1.23256026117785,-0.415515443961666,NA,-1.43193250624171
"63","LD353_20","CL103_20","17/12/2020","2/3/2021","hot","control","Deli",0.104,16.95,23.672,0.398,477.577,11,1515,2185,24.029,NA,NA,"Yes",1,2.21,0.7,0.43,75,"","","",11,1515,2185,"control",1.57478127806311,0.0143190788185772,7.32317071794347,0.792992515529661,-0.843970070294529,7.68937110752969,0.0143190788185772
"64","LD358_20","CL104_20","3/1/2021","21/2/2021","cold","ablated","Deli",0.107,18.373,23.661,0.192,552.688,2,2191,3328,20.821,24.967,45.788,"Yes",1,7.84,5.87,0.6,49,"","","",2,2191,3328,"ablated",-0.59631455756975,-1.60507885656481,7.69211333959547,2.05923883436232,-0.510825623765991,8.1101268019411,-1.60507885656481
"65","LD361_20","CL104_20","18/12/2020","31/1/2021","hot","ablated","Deli",0.088,17.103,20.875,0.257,927.828,57,1364,2630,21.392,35.761,57.153,"Yes",1,3.61,1.41,0.7,44,"","","",57,1364,2630,"ablated",-1.01383298749915,-1.31683813926309,7.21817683840341,1.28370777234479,-0.356674943938732,7.87473912517181,-1.31683813926309
"66","LD365_20","CL105_20","15/12/2020","11/2/2021","hot","ablated","Deli",0.093,16.949,20.927,0.256,1121.04,6,5624,NA,22.08,34.559,56.639,"Yes",1,3.36,1.15,0.59,58,"","","",6,5624,NA,"ablated",0.155218616303164,-0.969535838906554,8.6347984334905,1.21194097397511,-0.527632742082372,NA,-0.969535838906554
"67","LD374_20","CL109_20","19/12/2020","11/2/2021","hot","ablated","Deli",0.086,17.693,21.222,0.228,589.483,12,NA,NA,21.585,NA,NA,"Yes",1,5.15,1.52,1.12,54,"tail tip is invisible","","",12,NA,NA,"ablated",-0.178796127640353,-1.2194117672154,NA,1.63899671467564,0.113328685307003,NA,-1.2194117672154
"68","LD378_20","CL111_20","7/1/2021","21/2/2021","cold","ablated","Deli",0.098,17.4,21.683,0.299,1000.78,3,881,4296,22.926,30.196,53.122,"Yes",1,9.9,3.19,1.9,45,"","","",3,881,4296,"ablated",-0.930329301513267,-0.542475161433254,6.78105762593618,2.29253475714054,0.641853886172395,8.3654396361887,-0.542475161433254
"69","LD383_20","CL111_20","19/12/2020","11/2/2021","hot","ablated","Deli",0.099,NA,NA,0.242,580.773,18,NA,NA,23.146,35.483,58.629,"Yes",1,3.59,1.16,0.7,54,"","","",18,NA,NA,"ablated",-0.178796127640353,-0.431419193295989,NA,1.27815220250019,-0.356674943938732,NA,-0.431419193295989
"70","LD386_20","CL112_20","9/1/2021","2/3/2021","cold","ablated","Deli",0.116,18.83,22.62,0.334,433.209,2,793,1367,23.609,29.225,52.834,"Yes",1,6.57,1.96,1.21,52,"","","",2,793,1367,"ablated",-0.345803499612112,-0.197696860352563,6.67582322163485,1.88251383249652,0.19062035960865,7.22037383672395,-0.197696860352563
"71","LD387_20","CL112_20","22/12/2020","21/2/2021","hot","ablated","Deli",0.111,18.397,23.716,0.418,816.123,5,1282,2582,27.17,41.069,68.239,"Yes",1,3.88,1.34,0.78,61,"","","",5,1282,2582,"ablated",0.405729674260802,1.59989542390561,7.15617663748062,1.35583515363518,-0.2484613592985,7.85631957140659,1.59989542390561
"72","LD390_20","CL114_20","6/1/2021","21/2/2021","cold","ablated","Deli",0.082,17.235,20.318,0.242,673.695,51,NA,NA,21.512,32.253,53.765,"Yes",1,4.11,1.7,0.48,46,"","","",51,NA,NA,"ablated",-0.846825615527387,-1.25626215664276,NA,1.41342302850814,-0.7339691750802,NA,-1.25626215664276
"73","LD396_20","CL115_20","7/1/2021","2/3/2021","cold","control","Deli",0.113,18.833,23.347,0.279,1140.08,2,204,1005,24.188,34.132,58.32,"Yes",1,3.42,0.99,0.68,54,"","","",2,204,1005,"control",-0.178796127640353,0.0945822557905088,5.31811999384422,1.22964055107451,-0.385662480811985,6.91274282049318,0.0945822557905088
"74","LD408_20","CL120_20","8/1/2021","2/3/2021","cold","ablated","Deli",0.099,18.489,22.209,0.349,NA,3,3973,NA,25.893,34.618,60.511,"Yes",1,5.28,1.94,0.93,53,"","","",3,3973,NA,"ablated",-0.262299813626232,0.95526600885431,8.2872767558146,1.66392609771817,-0.0725706928348354,NA,0.95526600885431
"75","LD416_20","CL123_20","9/1/2021","21/2/2021","cold","control","Deli",0.113,18.152,21.22,0.252,1013.36,2,1352,1915,23.622,29.731,53.353,"Yes",1,2.06,0.61,0.45,43,"","","",2,1352,1915,"control",-1.09733667348503,-0.191134462235362,7.20934025660291,0.72270598280149,-0.798507696217772,7.55747290161475,-0.191134462235362
"76","LD419_20","CL124_20","27/12/2020","31/1/2021","hot","control","Deli",0.083,17.706,21.061,0.196,761.624,20,NA,NA,21.269,27.942,49.211,"Yes",1,3.54,1.3,0.68,35,"","","",20,NA,NA,"control",-1.76536616137206,-1.37892852144892,NA,1.26412672714568,-0.385662480811985,NA,-1.37892852144892
"78","LD426_20","CL125_20","10/1/2021","21/2/2021","cold","control","Deli",0.093,NA,NA,0.209,485.827,49,NA,NA,21.322,30.629,51.951,"Yes",1,4.53,2.34,0.68,42,"","","",49,NA,NA,"control",-1.1808403594709,-1.35217412912495,NA,1.51072193949494,-0.385662480811985,NA,-1.35217412912495
"79","LD430_20","CL127_20","26/12/2020","31/1/2021","hot","ablated","Deli",NA,17.521,21.117,0.226,1328.12,45,2449,NA,NA,NA,NA,"Yes",1,4.23,1.33,0.79,36,"cannot see cloaca","V2.2 wrong","DAY 3 All NA, WRONG",45,2449,NA,"ablated",-1.68186247538618,NA,7.80343505695217,1.44220199305819,-0.23572233352107,NA,NA
"80","LD432_20","CL127_20","28/12/2020","21/2/2021","hot","control","Deli",0.107,NA,NA,0.33,1070.78,68,NA,NA,23.24,34.173,57.413,"Yes",1,3.64,1.22,0.57,55,"","","",68,NA,NA,"control",-0.0952924416544739,-0.383968006910068,NA,1.29198368164865,-0.562118918153541,NA,-0.383968006910068
"81","LD442_20","CL129_20","28/12/2020","11/2/2021","hot","ablated","Deli",0.1,NA,NA,0.238,670.84,6,NA,NA,22.747,NA,NA,"Yes",1,2.99,0.89,0.68,45,"tail tip is invisible","","",6,NA,NA,"ablated",-0.930329301513267,-0.632834335508573,NA,1.0952733874026,-0.385662480811985,NA,-0.632834335508573
"82","LD469_20","CL140_20","3/1/2021","21/2/2021","hot","control","Deli",0.104,18.076,22.643,0.208,588.906,4,5831,NA,20.377,27.697,48.074,"Yes",1,6.59,2.32,1.2,49,"","","",4,5831,NA,"control",-0.59631455756975,-1.82920999226001,8.67094379122216,1.88555334851442,0.182321556793955,NA,-1.82920999226001
"83","LD482_20","CL142_20","31/12/2020","2/3/2021","hot","ablated","Deli",0.108,16.728,23.709,0.308,366.715,3,NA,NA,23.152,36.71,59.862,"Yes",1,5.24,1.52,1.08,61,"","","",3,NA,NA,"ablated",0.405729674260802,-0.428390394164972,NA,1.65632149833295,0.0769610411361284,NA,-0.428390394164972
"84","LD490_20","CL145_20","1/1/2021","2/3/2021","hot","ablated","Deli",0.111,NA,NA,0.291,251.52,4,NA,NA,24.117,36.264,60.381,"Yes",1,4.83,1.45,0.82,60,"","","",4,NA,NA,"ablated",0.322225988274922,0.0587414660734835,NA,1.57484646766448,-0.198450938723838,NA,0.0587414660734835
"85","LD493_20","CL146_20","7/1/2021","21/2/2021","hot","control","Deli",0.124,17.979,25.417,0.228,404.664,8,985,997,20.539,31.12,51.659,"Yes",1,2.61,0.93,0.43,45,"","","",8,985,997,"control",-0.930329301513267,-1.74743241572257,6.89264164117209,0.959350221334602,-0.843970070294529,6.90475076996184,-1.74743241572257
"86","LD496_20","CL147_20","29/12/2020","21/2/2021","hot","control","Deli",0.124,18.369,23.533,0.335,321.303,3,3104,3728,NA,NA,NA,"Yes",1,2.67,1.01,0.54,54,"no photo","","",3,3104,3728,"control",-0.178796127640353,NA,8.04044688130311,0.982078472412158,-0.616186139423817,8.22362717580548,NA
"87","LD503_20","CL149_20","5/1/2021","2/3/2021","hot","control","Deli",0.093,17.646,22.48,0.301,778.569,2,3851,NA,24.616,32.74,57.356,"Yes",1,4.06,1.11,0.94,56,"","","",2,3851,NA,"control",-0.0117887556685947,0.310636593803006,8.25608813381491,1.40118297361364,-0.0618754037180875,NA,0.310636593803006
"88","LD532_20","CL155_20","4/1/2021","2/3/2021","hot","control","Deli",0.108,16.881,24.463,0.28,90.6654,3,4405,NA,24.072,36.011,60.083,"Yes",1,2.98,0.85,0.59,57,"","","",3,4405,NA,"control",0.0717149303172846,0.0360254725908604,8.39049553837028,1.09192330051731,-0.527632742082372,NA,0.0360254725908604
"177","LD021_20","CL007_20","1/12/2020","31/1/2021","cold","ablated","Deli",NA,NA,NA,0.503,885.622,64,174,2377,28.506,NA,NA,"Yes",2,2.93,0.94,0.52,61,"tail tip is invisible","","",64,174,2377,"ablated",0.405729674260802,2.27430803041191,5.15905529921453,1.07500242302898,-0.653926467406664,7.77359446736019,2.27430803041191
"178","LD027_20","CL008_20","8/12/2020","31/1/2021","cold","control","Deli",NA,NA,NA,0.324,429.848,2,203,1994,25.34,36.999,62.339,"Yes",2,3.13,1.24,0.54,54,"","","",2,203,1994,"control",-0.178796127640353,0.67611168894564,5.31320597904179,1.14103300455206,-0.616186139423817,7.59789795052178,0.67611168894564
"179","LD035_20","CL012_20","7/12/2020","11/2/2021","cold","control","Deli",NA,NA,NA,0.359,321.274,31,1592,2806,26.035,35.531,61.566,"Yes",2,3.03,0.91,0.62,66,"","","",31,1592,2806,"control",0.823248104190198,1.02694758828836,7.37274636640433,1.10856261952128,-0.478035800943,7.93951526066241,1.02694758828836
"180","LD046_20","CL015_20","24/11/2020","31/1/2021","hot","ablated","Deli",NA,NA,NA,0.321,591.039,285,NA,NA,25.036,40.75,65.786,"Yes",2,15.11,8.54,2.06,68,"","","",285,NA,NA,"ablated",0.990255476161957,0.522652532974148,NA,2.71535677628465,0.72270598280149,NA,0.522652532974148
"181","LD047_20","CL015_20","10/12/2020","31/1/2021","cold","control","Deli",NA,NA,NA,0.345,638.514,2,NA,NA,25.286,NA,NA,"Yes",2,3.33,0.95,0.58,52,"tail tip is invisible","","",2,NA,NA,"control",-0.345803499612112,0.648852496766494,NA,1.20297230399235,-0.544727175441672,NA,0.648852496766494
"182","LD049_20","CL016_20","14/12/2020","31/1/2021","cold","control","Deli",NA,NA,NA,0.288,640.813,8,4880,NA,23.907,36.375,60.282,"Yes",2,2.57,0.71,0.6,48,"","","",8,4880,NA,"control",-0.679818243555629,-0.0472665035120876,8.49290049884719,0.943905898907128,-0.510825623765991,NA,-0.0472665035120876
"183","LD050_20","CL016_20","16/12/2020","11/2/2021","cold","ablated","Deli",NA,NA,NA,0.316,1162.87,1,4369,NA,24.177,36.386,60.563,"Yes",2,5.15,1.34,1.2,57,"","","",1,4369,NA,"ablated",0.0717149303172846,0.0890294573836459,8.38228942895144,1.63899671467564,0.182321556793955,NA,0.0890294573836459
"184","LD058_20","CL019_20","24/11/2020","31/1/2021","hot","ablated","Deli",NA,NA,NA,0.398,705.409,78,1039,1920,25.3,45.39,70.69,"Yes",2,2.91,1.18,0.59,68,"","","",78,1039,1920,"ablated",0.990255476161957,0.655919694738865,6.94601399109923,1.0681530811834,-0.527632742082372,7.56008046502183,0.655919694738865
"185","LD061_20","CL020_20","25/11/2020","11/2/2021","hot","ablated","Deli",NA,NA,NA,0.486,478.921,4,NA,NA,30.147,44.976,75.123,"Yes",2,4.91,1.68,0.76,78,"wrong V1.1","","",4,NA,NA,"ablated",1.82529233602075,3.10268459274487,NA,1.59127394180643,-0.27443684570176,NA,3.10268459274487
"186","LD064_20","CL020_20","27/11/2020","21/2/2021","hot","control","Deli",NA,NA,NA,0.472,399.318,6,2154,3902,25.883,NA,NA,"Yes",2,2.19,0.86,0.34,86,"has two photos","","",6,2154,3902,"control",2.49332182390778,0.950218010302615,7.67508185771633,0.783901543828409,-1.07880966137193,8.26924452118306,0.950218010302615
"187","LD065_20","CL020_20","14/12/2020","21/2/2021","cold","control","Deli",NA,NA,NA,0.55,634.758,2,1666,2455,NA,NA,NA,"Yes",2,2.94,0.79,0.68,69,"no photo, probably with wrong ID (LD064)","","",2,1666,2455,"control",1.07375916214784,NA,7.41818082272679,1.07840958135059,-0.385662480811985,7.80588204022862,NA
"188","LD074_20","CL023_20","19/12/2020","11/2/2021","cold","ablated","Deli",NA,NA,NA,0.252,460.464,23,NA,NA,21.696,31.849,53.545,"Yes",2,2.65,0.89,0.56,54,"","","",23,NA,NA,"ablated",-0.178796127640353,-1.1633789832916,NA,0.974559639998131,-0.579818495252942,NA,-1.1633789832916
"189","LD076_20","CL023_20","18/12/2020","11/2/2021","cold","control","Deli",NA,NA,NA,0.311,788.581,10,2755,4013,26.254,39.122,65.376,"Yes",2,5.94,1.7,1.14,55,"","","",10,2755,4013,"control",-0.0952924416544739,1.13749875657046,7.92117272158701,1.78170913337455,0.131028262406404,8.29729437026692,1.13749875657046
"190","LD090_20","CL027_20","16/12/2020","11/2/2021","cold","ablated","Deli",NA,NA,NA,0.288,677.178,16,807,1015,23.669,35.379,59.048,"Yes",2,2.57,1.11,0.3,57,"","","",16,807,1015,"ablated",0.0717149303172846,-0.167408869042401,6.69332366826995,0.943905898907128,-1.20397280432594,6.92264389147589,-0.167408869042401
"191","LD157_20","CL046_20","7/12/2020","11/2/2021","hot","control","Deli",NA,NA,NA,0.314,927.621,7,NA,NA,24.832,33.64,58.472,"Yes",2,3.28,1.04,0.61,66,"","","",7,NA,NA,"control",0.823248104190198,0.419673362519593,NA,1.18784342239605,-0.49429632181478,NA,0.419673362519593
"192","LD162_20","CL048_20","22/12/2020","31/1/2021","cold","ablated","Deli",NA,NA,NA,0.273,510.95,7,1953,2523,22.761,29.021,51.782,"Yes",2,2.74,0.9,0.36,40,"","","",7,1953,2523,"ablated",-1.34784773144266,-0.625767137536202,7.57712193087668,1.00795792039998,-1.02165124753198,7.83320394864106,-0.625767137536202
"193","LD163_20","CL048_20","3/12/2020","2/3/2021","hot","ablated","Deli",NA,NA,NA,0.403,142.735,4,6066,NA,26.14,43.022,69.162,"Yes",2,5.35,1.64,1.09,89,"","","",4,6066,NA,"ablated",2.74383288186542,1.07995157308115,8.71045468824853,1.67709656090792,0.0861776962410524,NA,1.07995157308115
"194","LD169_20","CL049_20","23/12/2020","11/2/2021","cold","control","Deli",NA,NA,NA,0.328,802.726,3,3211,4968,24.75,34.177,58.927,"Yes",2,2.44,0.71,0.52,50,"","","",3,3211,4968,"control",-0.51281087158387,0.378279774395703,8.07433769408951,0.89199803930511,-0.653926467406664,8.51077262361331,0.378279774395703
"195","LD172_20","CL050_20","3/12/2020","11/2/2021","hot","control","Deli",NA,NA,NA,0.395,583.33,5,4766,NA,25.198,39.849,65.047,"Yes",2,3.28,1.1,0.64,70,"","","",5,4766,NA,"control",1.15726284813372,0.604430109511588,8.46926265765869,1.18784342239605,-0.44628710262842,NA,0.604430109511588
"197","LD178_20","CL052_20","23/12/2020","11/2/2021","cold","ablated","Deli",NA,NA,NA,0.252,750.275,5,1641,NA,21.618,34.018,55.636,"Yes",2,4.76,1.41,1.09,50,"","","",5,1641,NA,"ablated",-0.51281087158387,-1.20275337199481,7.40306109109009,1.56024766824333,0.0861776962410524,NA,-1.20275337199481
"198","LD181_20","CL052_20","23/12/2020","11/2/2021","cold","control","Deli",NA,NA,NA,0.258,201.996,22,NA,NA,23.755,36.369,60.124,"Yes",2,2.62,0.86,0.53,50,"","","",22,NA,NA,"control",-0.51281087158387,-0.123996081497835,NA,0.963174317773006,-0.63487827243597,NA,-0.123996081497835
"199","LD182_20","CL053_20","27/12/2020","2/3/2021","cold","ablated","Deli",NA,NA,NA,0.373,710.525,5,1534,NA,25.429,40.404,65.833,"Yes",2,2.52,0.86,0.41,65,"","","",5,1534,NA,"ablated",0.739744418204319,0.721038876055714,7.3356339819272,0.924258901523332,-0.891598119283784,NA,0.721038876055714
"200","LD183_20","CL053_20","7/12/2020","21/2/2021","hot","ablated","Deli",NA,NA,NA,0.476,602.08,37,3460,4286,27.473,NA,NA,"Yes",2,6.39,5.11,0.01,76,"","V2.3 wrong","",37,3460,4286,"ablated",1.65828496404899,1.75284978002194,8.14902386805177,1.85473426838944,-4.60517018598809,8.36310917603352,1.75284978002194
"201","LD185_20","CL053_20","28/12/2020","2/3/2021","cold","control","Deli",NA,NA,NA,0.296,851.147,0,NA,NA,23.516,31.79,55.306,"Yes",2,9.95,6.54,0.89,64,"","","",0,NA,NA,"control",0.65624073221844,-0.244643246883318,NA,2.2975725511705,-0.116533816255952,NA,-0.244643246883318
"202","LD186_20","CL054_20","23/12/2020","31/1/2021","cold","ablated","Deli",NA,NA,NA,0.29,552.22,2,2513,3243,23.113,32.654,55.767,"Yes",2,4.09,1.23,0.82,39,"","","",2,2513,3243,"ablated",-1.43135141742854,-0.448077588516579,7.82923253754359,1.40854497005471,-0.198450938723838,8.08425410630732,-0.448077588516579
"203","LD191_20","CL055_20","4/12/2020","31/1/2021","hot","ablated","Deli",NA,NA,NA,0.363,1232.79,2,NA,NA,26.108,39.914,66.022,"Yes",2,3.98,1.49,0.55,58,"","","",2,NA,NA,"ablated",0.155218616303164,1.06379797771573,NA,1.38128181929635,-0.59783700075562,NA,1.06379797771573
"204","LD192_20","CL055_20","24/12/2020","31/1/2021","hot","control","Deli",NA,NA,NA,0.278,814.509,3,3101,3395,22.841,NA,NA,"Yes",2,7.07,2.06,1.26,38,"","","",3,3101,3395,"control",-1.51485510341442,-0.585383149122651,8.03947991910045,1.95586047990848,0.231111720963387,8.1300590399928,-0.585383149122651
"205","LD200_20","CL057_20","6/12/2020","11/2/2021","hot","control","Deli",NA,NA,NA,0.331,752.411,1,991,3073,25.999,NA,NA,"Yes",2,5.13,1.43,1.2,67,"tail tip is invisible","","",1,991,3073,"control",0.906751790176077,1.00877479350226,6.89871453432999,1.63510565918268,0.182321556793955,8.03040956213048,1.00877479350226
"206","LD201_20","CL057_20","26/12/2020","11/2/2021","cold","control","Deli",NA,NA,NA,0.268,1010.92,7,NA,NA,23.051,38.254,61.305,"Yes",2,3.04,0.92,0.57,47,"","","",7,NA,NA,"control",-0.763321929541508,-0.479375179537081,NA,1.11185751541813,-0.562118918153541,NA,-0.479375179537081
"207","LD202_20","CL058_20","24/12/2020","21/2/2021","cold","ablated","Deli",NA,NA,NA,0.262,753.294,0,452,1922,22.082,NA,NA,"Yes",2,2.55,0.76,0.49,59,"","","",0,452,1922,"ablated",0.238722302289043,-0.968526239196214,6.11368217983223,0.936093359170335,-0.713349887877465,7.56112158953024,-0.968526239196214
"208","LD204_20","CL058_20","6/12/2020","31/1/2021","hot","control","Deli",NA,NA,NA,0.316,745.486,13,2800,4405,25.541,29.456,54.997,"Yes",2,14.43,5.64,2.17,56,"","","",13,2800,4405,"control",-0.0117887556685947,0.777576459834686,7.9373746961633,2.66930937278578,0.774727167552368,8.39049553837028,0.777576459834686
"209","LD209_20","CL059_20","24/12/2020","31/1/2021","cold","control","Deli",NA,NA,NA,0.255,486.965,5,782,3572,22.109,36.438,58.547,"Yes",2,10.11,5.58,1.01,38,"","Second run; turn back several times","",5,782,3572,"control",-1.51485510341442,-0.95489664310664,6.66185474054531,2.31352503303238,0.00995033085316809,8.18088094199639,-0.95489664310664
"210","LD227_20","CL066_20","5/12/2020","11/2/2021","hot","ablated","Deli",NA,NA,NA,0.322,891.769,6,NA,NA,27.068,NA,NA,"Yes",2,13.66,4.12,2.15,68,"tail tip is invisible","","",6,NA,NA,"ablated",0.990255476161957,1.54840583867834,NA,2.61447185414264,0.765467842139571,NA,1.54840583867834
"211","LD228_20","CL066_20","6/12/2020","11/2/2021","hot","control","Deli",NA,NA,NA,0.334,667.368,5,NA,NA,25.13,36.875,62.005,"Yes",2,14.34,12.18,0.47,67,"","","",5,NA,NA,"control",0.906751790176077,0.570103719360069,NA,2.66305283517147,-0.755022584278033,NA,0.570103719360069
"212","LD237_20","CL069_20","7/12/2020","1/2/2021","hot","control","Deli",NA,NA,NA,0.374,931.813,36,NA,NA,25.094,38.84,63.934,"Yes",2,3.8,1.11,0.7,56,"weight and photo on Mon","","",36,NA,NA,"control",-0.0117887556685947,0.551930924573972,NA,1.33500106673234,-0.356674943938732,NA,0.551930924573972
"213","LD238_20","CL069_20","23/12/2020","11/2/2021","cold","control","Deli",NA,NA,NA,0.24,884.971,3,704,1702,22.569,31.419,53.988,"Yes",2,2.63,0.73,0.58,50,"","","",3,704,1702,"control",-0.51281087158387,-0.722688709728724,6.55677835615804,0.966983846189673,-0.544727175441672,7.43955930913332,-0.722688709728724
"214","LD241_20","CL070_20","25/12/2020","31/1/2021","cold","ablated","Deli",NA,NA,NA,0.251,438.321,11,NA,NA,21.882,33.909,55.791,"Yes",2,3.07,1.15,0.52,37,"","","",11,NA,NA,"ablated",-1.5983587894003,-1.06948621023009,NA,1.12167756159911,-0.653926467406664,NA,-1.06948621023009
"215","LD242_20","CL070_20","8/12/2020","21/2/2021","hot","ablated","Deli",NA,NA,NA,0.471,462.089,7,2476,3681,26.523,42.097,68.62,"Yes",2,3.27,1.08,0.55,75,"","","",7,2476,3681,"ablated",1.57478127806311,1.27328991761102,7.81439963380449,1.18478998490916,-0.59783700075562,8.21093973337902,1.27328991761102
"216","LD243_20","CL070_20","25/12/2020","31/1/2021","cold","ablated","Deli",NA,NA,NA,0.211,898.235,8,2550,3275,22.596,31.302,53.898,"Yes",2,5.1,1.45,1.06,37,"","","",8,2550,3275,"ablated",-1.5983587894003,-0.70905911363915,7.84384863815247,1.62924053973028,0.0582689081239758,8.09407314806935,-0.70905911363915
"217","LD257_20","Cl076_20","28/12/2020","11/2/2021","cold","ablated","Deli",NA,NA,NA,0.259,350.198,1,2587,2689,21.873,33.795,55.668,"Yes",2,4.56,1.47,0.72,45,"","","",1,2587,2689,"ablated",-0.930329301513267,-1.07402940892661,7.85825418218603,1.51732262352629,-0.328504066972036,7.89692465626886,-1.07402940892661
"218","LD258_20","Cl076_20","8/12/2020","31/1/2021","hot","ablated","Deli",NA,NA,NA,0.257,846.211,8,335,3061,23.566,36.614,60.18,"Yes",2,3.66,1.04,0.73,54,"","","",8,335,3061,"ablated",-0.178796127640353,-0.219403254124848,5.81413053182507,1.29746314741327,-0.3147107448397,8.02649693894541,-0.219403254124848
"219","LD263_20","CL078_20","12/12/2020","31/1/2021","hot","control","Deli",NA,NA,NA,0.394,818.547,NA,NA,NA,27.002,42.175,69.177,"Yes",2,4.06,1.61,0.72,50,"","","",NA,NA,NA,"control",-0.51281087158387,1.51508904823716,NA,1.40118297361364,-0.328504066972036,NA,1.51508904823716
"220","LD264_20","CL078_20","11/12/2020","21/2/2021","hot","ablated","Deli",NA,NA,NA,0.383,595.951,4,4223,4928,25.559,40.586,66.145,"Yes",2,3.02,0.99,0.49,72,"","","",4,4223,4928,"ablated",1.32427022010547,0.786662857227736,8.34830105493394,1.10525683138678,-0.713349887877465,8.50268850521336,0.786662857227736
"221","LD269_20","CL079_20","28/12/2020","21/2/2021","cold","control","Deli",NA,NA,NA,0.383,490.288,1,1594,3783,24.703,32.739,57.442,"Yes",2,5.82,2.01,0.99,55,"","","",1,1594,3783,"control",-0.0952924416544739,0.354554181202742,7.37400185935016,1.76130026174335,-0.0100503358535015,8.23827262463303,0.354554181202742
"222","LD280_20","CL084_20","11/12/2020","11/2/2021","hot","control","Deli",NA,NA,NA,0.277,497.868,3,5156,NA,23.846,36.798,60.644,"Yes",2,3.7,1.15,0.66,62,"","","",3,5156,NA,"control",0.489233360246681,-0.07805929467742,8.54791636405908,1.30833281965018,-0.415515443961666,NA,-0.07805929467742
"223","LD281_20","CL084_20","11/12/2020","21/2/2021","hot","ablated","Deli",NA,NA,NA,0.429,589.857,6,1220,NA,26.948,37.733,64.681,"Yes",2,2.69,0.92,0.42,72,"","","",6,1220,NA,"ablated",1.32427022010547,1.48782985605801,7.1066061377273,0.989541193613748,-0.867500567704723,NA,1.48782985605801
"224","LD282_20","CL084_20","29/12/2020","11/2/2021","cold","ablated","Deli",NA,NA,NA,0.229,538.044,2,NA,NA,23.016,31.173,54.189,"Yes",2,5.35,1.45,1.24,44,"","","",2,NA,NA,"ablated",-1.01383298749915,-0.49704317446801,NA,1.67709656090792,0.215111379616945,NA,-0.49704317446801
"225","LD283_20","CL084_20","29/12/2020","21/2/2021","cold","control","Deli",NA,NA,NA,0.295,546.744,3,990,2225,22.994,34.573,57.567,"Yes",2,5.97,3.8,0.68,54,"","","",3,990,2225,"control",-0.178796127640353,-0.508148771281736,6.89770494312864,1.78674692740451,-0.385662480811985,7.70751219460034,-0.508148771281736
"226","LD287_20","CL086_20","24/12/2020","31/1/2021","cold","control","Deli",NA,NA,NA,0.21,623.415,207,4219,4571,20.72,31.569,52.289,"Yes",2,2.48,0.74,0.54,38,"","","",207,4219,4571,"control",-1.51485510341442,-1.65606364193692,8.34735341212434,0.908258560176891,-0.616186139423817,8.42748727833174,-1.65606364193692
"227","LD290_20","CL086_20","8/12/2020","31/1/2021","hot","control","Deli",NA,NA,NA,0.362,1410.84,3,1463,NA,26.745,35.738,62.483,"Yes",2,3.34,1.19,0.65,54,"","","",3,1463,NA,"control",-0.178796127640353,1.38535548545863,7.28824440102012,1.20597080698861,-0.430782916092454,NA,1.38535548545863
"229","LD292_20","CL087_20","30/12/2020","21/2/2021","cold","ablated","Deli",NA,NA,NA,0.327,1238.84,13,1143,1497,23.439,41.258,64.697,"Yes",2,2.45,0.87,0.34,53,"","","",13,1143,1497,"ablated",-0.262299813626232,-0.283512835731359,7.04141166379481,0.896088024556636,-1.07880966137193,7.31121838441963,-0.283512835731359
"230","LD294_20","CL087_20","12/12/2020","11/2/2021","hot","control","Deli",NA,NA,NA,0.416,1095.55,21,1738,4238,26.394,40.788,67.182,"Yes",2,2.84,0.89,0.52,61,"","","",21,1738,4238,"control",0.405729674260802,1.20817073629417,7.46049030582534,1.04380405217311,-0.653926467406664,8.35184673882824,1.20817073629417
"231","LD311_20","CL093_20","31/12/2020","21/2/2021","cold","ablated","Deli",NA,NA,NA,0.276,620.098,19,NA,NA,22.91,32.631,55.541,"Yes",2,9.01,3.74,0.85,52,"","","",19,NA,NA,"ablated",-0.345803499612112,-0.550551959115964,NA,2.19833507162025,-0.162518929497775,NA,-0.550551959115964
"232","LD312_20","CL093_20","13/12/2020","2/3/2021","hot","ablated","Deli",NA,NA,NA,0.325,191.535,2,NA,NA,24.108,40.238,64.346,"Yes",2,4.56,1.67,0.83,79,"","","",2,NA,NA,"ablated",1.90879602200663,0.0541982673769589,NA,1.51732262352629,-0.186329578191493,NA,0.0541982673769589
"233","LD332_20","CL097_20","15/12/2020","21/2/2021","hot","control","Deli",NA,NA,NA,0.351,936.127,19,1691,NA,25.365,NA,NA,"Yes",2,3.47,1.06,0.67,68,"","","",19,1691,NA,"control",0.990255476161957,0.688731685324874,7.43307534889858,1.24415459395877,-0.400477566597125,NA,0.688731685324874
"234","LD333_20","CL097_20","2/1/2021","2/3/2021","cold","ablated","Deli",NA,NA,NA,0.263,1101.21,10,629,1889,22.451,32.773,55.224,"Yes",2,25.94,17.3,1.35,59,"","","",10,629,1889,"ablated",0.238722302289043,-0.782255092638711,6.44413125670044,3.2557861788883,0.300104592450338,7.54380286750151,-0.782255092638711
"235","LD336_20","CL098_20","14/12/2020","2/3/2021","hot","control","Deli",NA,NA,NA,0.327,175.198,159,NA,NA,21.897,NA,NA,"Yes",2,4.7,1.44,0.76,78,"","","",159,NA,NA,"control",1.82529233602075,-1.06191421240255,NA,1.54756250871601,-0.27443684570176,NA,-1.06191421240255
"236","LD342_20","CL100_20","27/12/2020","31/1/2021","cold","control","Deli",NA,NA,NA,0.248,1528.01,NA,NA,NA,23.881,33.619,57.5,"Yes",2,3.87,1.24,0.77,35,"","","",NA,NA,NA,"control",-1.76536616137206,-0.0603912997464915,NA,1.35325450704169,-0.261364764134408,NA,-0.0603912997464915
"237","LD345_20","CL101_20","31/12/2020","2/3/2021","cold","control","Deli",NA,NA,NA,0.302,221.85,2,1875,2506,23.633,31.347,54.98,"Yes",2,3.02,1.37,0.4,61,"","","",2,1875,2506,"control",0.405729674260802,-0.185581663828499,7.53636393840451,1.10525683138678,-0.916290731874155,7.82644313545601,-0.185581663828499
"238","LD349_20","CL102_20","3/1/2021","2/3/2021","cold","control","Deli",NA,NA,NA,0.22,671.728,30,5031,NA,21.164,31.841,53.005,"Yes",2,2.68,0.79,0.55,58,"","","",30,5031,NA,"control",0.155218616303164,-1.43193250624171,8.52337405049132,0.985816794522765,-0.59783700075562,NA,-1.43193250624171
"239","LD353_20","CL103_20","17/12/2020","2/3/2021","hot","control","Deli",NA,NA,NA,0.398,460.527,1,686,1892,24.029,NA,NA,"Yes",2,2.15,0.65,0.41,75,"","","",1,686,1892,"control",1.57478127806311,0.0143190788185772,6.53087762772588,0.765467842139571,-0.891598119283784,7.54538974961182,0.0143190788185772
"240","LD358_20","CL104_20","3/1/2021","21/2/2021","cold","ablated","Deli",NA,NA,NA,0.192,588.665,3,1451,4178,20.821,24.967,45.788,"Yes",2,48.8,31.72,0.88,49,"","","",3,1451,4178,"ablated",-0.59631455756975,-1.60507885656481,7.28000825288419,3.8877303128591,-0.127833371509885,8.33758794211651,-1.60507885656481
"241","LD361_20","CL104_20","18/12/2020","31/1/2021","hot","ablated","Deli",NA,NA,NA,0.257,949.495,17,2352,3739,21.392,35.761,57.153,"Yes",2,4.84,1.88,0.79,44,"","","",17,2352,3739,"ablated",-1.01383298749915,-1.31683813926309,7.76302130901852,1.57691472072854,-0.23572233352107,8.22657347497711,-1.31683813926309
"242","LD365_20","CL105_20","15/12/2020","11/2/2021","hot","ablated","Deli",NA,NA,NA,0.256,1266.5,2,1287,1361,22.08,34.559,56.639,"Yes",2,4.15,1.33,0.74,58,"","","",2,1287,1361,"ablated",0.155218616303164,-0.969535838906554,7.16006920759613,1.42310833424261,-0.301105092783922,7.21597500265147,-0.969535838906554
"243","LD374_20","CL109_20","19/12/2020","11/2/2021","hot","ablated","Deli",NA,NA,NA,0.228,474.413,6,NA,NA,21.585,NA,NA,"Yes",2,4.31,1.2,0.98,54,"tail tip is invisible","","",6,NA,NA,"ablated",-0.178796127640353,-1.2194117672154,NA,1.46093790411566,-0.0202027073175195,NA,-1.2194117672154
"244","LD378_20","CL111_20","7/1/2021","21/2/2021","cold","ablated","Deli",NA,NA,NA,0.299,551.268,3,699,3834,22.926,30.196,53.122,"Yes",2,6.28,1.75,1.41,45,"","","",3,699,3834,"ablated",-0.930329301513267,-0.542475161433254,6.54965074223381,1.83736998048011,0.343589704390077,8.25166392360559,-0.542475161433254
"245","LD383_20","CL111_20","19/12/2020","11/2/2021","hot","ablated","Deli",NA,NA,NA,0.242,260.107,44,4088,NA,23.146,35.483,58.629,"Yes",2,3.21,0.95,0.65,54,"","","",44,4088,NA,"ablated",-0.178796127640353,-0.431419193295989,8.31581113188354,1.16627093714192,-0.430782916092454,NA,-0.431419193295989
"246","LD386_20","CL112_20","9/1/2021","2/3/2021","cold","ablated","Deli",NA,NA,NA,0.334,537.732,27,4498,NA,23.609,29.225,52.834,"Yes",2,3.4,1.09,0.55,52,"","","",27,4498,NA,"ablated",-0.345803499612112,-0.197696860352563,8.41138813251926,1.22377543162212,-0.59783700075562,NA,-0.197696860352563
"247","LD387_20","CL112_20","22/12/2020","21/2/2021","hot","ablated","Deli",NA,NA,NA,0.418,861.485,14,1152,2737,27.17,41.069,68.239,"Yes",2,4.01,1.28,0.84,61,"","","",14,1152,2737,"ablated",0.405729674260802,1.59989542390561,7.04925484125584,1.38879124131848,-0.174353387144778,7.91461770904068,1.59989542390561
"248","LD390_20","CL114_20","6/1/2021","21/2/2021","cold","ablated","Deli",NA,NA,NA,0.242,846.309,4,2125,2547,21.512,32.253,53.765,"Yes",2,2.86,1.03,0.5,46,"","","",4,2125,2547,"ablated",-0.846825615527387,-1.25626215664276,7.66152708135852,1.05082162483176,-0.693147180559945,7.84267147497946,-1.25626215664276
"249","LD396_20","CL115_20","7/1/2021","2/3/2021","cold","control","Deli",NA,NA,NA,0.279,1103.01,13,1926,2137,24.188,34.132,58.32,"Yes",2,3.34,1.11,0.62,54,"","","",13,1926,2137,"control",-0.178796127640353,0.0945822557905088,7.56320059235807,1.20597080698861,-0.478035800943,7.66715825531915,0.0945822557905088
"250","LD408_20","CL120_20","8/1/2021","2/3/2021","cold","ablated","Deli",NA,NA,NA,0.349,228.458,4,1934,NA,25.893,34.618,60.511,"Yes",2,3.99,1.38,0.69,53,"","","",4,1934,NA,"ablated",-0.262299813626232,0.95526600885431,7.56734567601324,1.38379123090177,-0.371063681390832,NA,0.95526600885431
"251","LD416_20","CL123_20","9/1/2021","21/2/2021","cold","control","Deli",NA,NA,NA,0.252,1054.55,70,443,829,23.622,29.731,53.353,"Yes",2,2.35,0.68,0.49,43,"","","",70,443,829,"control",-1.09733667348503,-0.191134462235362,6.09356977004514,0.854415328156068,-0.713349887877465,6.7202201551353,-0.191134462235362
"252","LD419_20","CL124_20","27/12/2020","31/1/2021","hot","control","Deli",NA,NA,NA,0.196,381.827,12,NA,NA,21.269,27.942,49.211,"Yes",2,4.11,1.34,0.73,35,"","","",12,NA,NA,"control",-1.76536616137206,-1.37892852144892,NA,1.41342302850814,-0.3147107448397,NA,-1.37892852144892
"254","LD426_20","CL125_20","10/1/2021","21/2/2021","cold","control","Deli",NA,NA,NA,0.209,514.295,18,2462,2937,21.322,30.629,51.951,"Yes",2,3.1,0.89,0.66,42,"","","",18,2462,2937,"control",-1.1808403594709,-1.35217412912495,7.8087293067444,1.1314021114911,-0.415515443961666,7.98514393119862,-1.35217412912495
"255","LD430_20","CL127_20","26/12/2020","31/1/2021","hot","ablated","Deli",NA,NA,NA,0.226,326.009,10,838,841,NA,NA,NA,"Yes",2,5.96,1.6,1.4,36,"cannot see cloaca","V2.2 wrong","DAY 3 All NA, WRONG",10,838,841,"ablated",-1.68186247538618,NA,6.73101810048208,1.78507048107726,0.336472236621213,6.73459165997295,NA
"256","LD432_20","CL127_20","28/12/2020","21/2/2021","hot","control","Deli",NA,NA,NA,0.33,211.338,1,NA,NA,23.24,34.173,57.413,"Yes",2,2.92,0.86,0.58,55,"","","",1,NA,NA,"control",-0.0952924416544739,-0.383968006910068,NA,1.07158361628019,-0.544727175441672,NA,-0.383968006910068
"257","LD442_20","CL129_20","28/12/2020","11/2/2021","hot","ablated","Deli",NA,NA,NA,0.238,811.828,7,NA,NA,22.747,NA,NA,"Yes",2,2.68,0.81,0.55,45,"tail tip is invisible","","",7,NA,NA,"ablated",-0.930329301513267,-0.632834335508573,NA,0.985816794522765,-0.59783700075562,NA,-0.632834335508573
"258","LD469_20","CL140_20","3/1/2021","21/2/2021","hot","control","Deli",NA,NA,NA,0.208,886.048,3,NA,NA,20.377,27.697,48.074,"Yes",2,6.88,2.47,1.09,49,"","","",3,NA,NA,"control",-0.59631455756975,-1.82920999226001,NA,1.92861865194525,0.0861776962410524,NA,-1.82920999226001
"259","LD482_20","CL142_20","31/12/2020","2/3/2021","hot","ablated","Deli",NA,NA,NA,0.308,192.998,4,NA,NA,23.152,36.71,59.862,"Yes",2,4.82,1.5,0.96,61,"","","",4,NA,NA,"ablated",0.405729674260802,-0.428390394164972,NA,1.57277392806251,-0.0408219945202552,NA,-0.428390394164972
"260","LD490_20","CL145_20","1/1/2021","2/3/2021","hot","ablated","Deli",NA,NA,NA,0.291,646.936,50,NA,NA,24.117,36.264,60.381,"Yes",2,5.07,1.54,1.04,60,"","","",50,NA,NA,"ablated",0.322225988274922,0.0587414660734835,NA,1.62334081760309,0.0392207131532813,NA,0.0587414660734835
"261","LD493_20","CL146_20","7/1/2021","21/2/2021","hot","control","Deli",NA,NA,NA,0.228,238.079,1,222,367,20.539,31.12,51.659,"Yes",2,9.28,6.16,0.77,45,"","","",1,222,367,"control",-0.930329301513267,-1.74743241572257,5.40267738187228,2.22786154679811,-0.261364764134408,5.90536184805457,-1.74743241572257
"262","LD496_20","CL147_20","29/12/2020","21/2/2021","hot","control","Deli",NA,NA,NA,0.335,435.208,4,5794,NA,NA,NA,NA,"Yes",2,7.31,4.41,0.78,54,"no photo","","",4,5794,NA,"control",-0.178796127640353,NA,8.6645781783293,1.98924327376169,-0.2484613592985,NA,NA
"263","LD503_20","CL149_20","5/1/2021","2/3/2021","hot","control","Deli",NA,NA,NA,0.301,1199.22,2,NA,NA,24.616,32.74,57.356,"Yes",2,4.7,1.34,0.96,56,"","","",2,NA,NA,"control",-0.0117887556685947,0.310636593803006,NA,1.54756250871601,-0.0408219945202552,NA,0.310636593803006
"264","LD532_20","CL155_20","4/1/2021","2/3/2021","hot","control","Deli",NA,NA,NA,0.28,139.535,9,2501,NA,24.072,36.011,60.083,"Yes",2,3,0.85,0.65,57,"","","",9,2501,NA,"control",0.0717149303172846,0.0360254725908604,7.82444593087762,1.09861228866811,-0.430782916092454,NA,0.0360254725908604
"353","LD021_20","CL007_20","1/12/2020","31/1/2021","cold","ablated","Deli",NA,NA,NA,0.503,1036.1,NA,NA,NA,28.506,NA,NA,"Yes",3,2.91,1.21,0.3,61,"tail tip is invisible","","",NA,NA,NA,"ablated",0.405729674260802,2.27430803041191,NA,1.0681530811834,-1.20397280432594,NA,2.27430803041191
"354","LD027_20","CL008_20","8/12/2020","31/1/2021","cold","control","Deli",NA,NA,NA,0.324,722.443,27,932,2376,25.34,36.999,62.339,"Yes",3,2.38,0.65,0.52,54,"","","",27,932,2376,"control",-0.178796127640353,0.67611168894564,6.83733281468559,0.867100487683383,-0.653926467406664,7.77317368048254,0.67611168894564
"355","LD035_20","CL012_20","7/12/2020","11/2/2021","cold","control","Deli",NA,NA,NA,0.359,45.4606,2,802,2945,26.035,35.531,61.566,"Yes",3,3.19,1.08,0.55,66,"","","",2,802,2945,"control",0.823248104190198,1.02694758828836,6.68710860786651,1.16002091679675,-0.59783700075562,7.98786409608569,1.02694758828836
"356","LD046_20","CL015_20","24/11/2020","31/1/2021","hot","ablated","Deli",NA,NA,NA,0.321,63.0032,234,NA,NA,25.036,40.75,65.786,"Yes",3,12.08,4.26,2.15,68,"","","",234,NA,NA,"ablated",0.990255476161957,0.522652532974148,NA,2.49155119250667,0.765467842139571,NA,0.522652532974148
"357","LD047_20","CL015_20","10/12/2020","31/1/2021","cold","control","Deli",NA,NA,NA,0.345,249.61,13,3017,4049,25.286,NA,NA,"Yes",3,3.25,1,0.62,52,"tail tip is invisible","","",13,3017,4049,"control",-0.345803499612112,0.648852496766494,8.01201823915906,1.17865499634165,-0.478035800943,8.30622521603216,0.648852496766494
"358","LD049_20","CL016_20","14/12/2020","31/1/2021","cold","control","Deli",NA,NA,NA,0.288,861.285,9,NA,NA,23.907,36.375,60.282,"Yes",3,2.52,0.69,0.56,48,"","","",9,NA,NA,"control",-0.679818243555629,-0.0472665035120876,NA,0.924258901523332,-0.579818495252942,NA,-0.0472665035120876
"359","LD050_20","CL016_20","16/12/2020","11/2/2021","cold","ablated","Deli",NA,NA,NA,0.316,951.825,320,332,880,24.177,36.386,60.563,"Yes",3,5.73,1.69,1.2,57,"","","",320,332,880,"ablated",0.0717149303172846,0.0890294573836459,5.80513496891649,1.74571553072665,0.182321556793955,6.77992190747225,0.0890294573836459
"360","LD058_20","CL019_20","24/11/2020","31/1/2021","hot","ablated","Deli",NA,NA,NA,0.398,467.619,13,1147,1260,25.3,45.39,70.69,"Yes",3,2.85,0.8,0.65,68,"","","",13,1147,1260,"ablated",0.990255476161957,0.655919694738865,7.04490511712937,1.04731899428056,-0.430782916092454,7.13886699994552,0.655919694738865
"361","LD061_20","CL020_20","25/11/2020","11/2/2021","hot","ablated","Deli",NA,NA,NA,0.486,877.755,8,3860,NA,30.147,44.976,75.123,"Yes",3,2.64,0.82,0.45,78,"wrong V1.1","","",8,3860,NA,"ablated",1.82529233602075,3.10268459274487,8.25842246245888,0.970778917158225,-0.798507696217772,NA,3.10268459274487
"362","LD064_20","CL020_20","27/11/2020","21/2/2021","hot","control","Deli",NA,NA,NA,0.472,622.611,16,1850,2076,25.883,NA,NA,"Yes",3,1.94,0.58,0.37,86,"has two photos","","",16,1850,2076,"control",2.49332182390778,0.950218010302615,7.52294091807237,0.662687973075237,-0.994252273343867,7.63819824428578,0.950218010302615
"363","LD065_20","CL020_20","14/12/2020","21/2/2021","cold","control","Deli",NA,NA,NA,0.55,128.411,24,1987,2589,NA,NA,NA,"Yes",3,4.49,1.49,0.83,69,"no photo, probably with wrong ID (LD064)","","",24,1987,2589,"control",1.07375916214784,NA,7.59438124255182,1.50185270175416,-0.186329578191493,7.85902697975154,NA
"364","LD074_20","CL023_20","19/12/2020","11/2/2021","cold","ablated","Deli",NA,NA,NA,0.252,501.983,5,NA,NA,21.696,31.849,53.545,"Yes",3,2.83,0.92,0.6,54,"","","",5,NA,NA,"ablated",-0.178796127640353,-1.1633789832916,NA,1.04027671165515,-0.510825623765991,NA,-1.1633789832916
"365","LD076_20","CL023_20","18/12/2020","11/2/2021","cold","control","Deli",NA,NA,NA,0.311,927.053,4,4253,NA,26.254,39.122,65.376,"Yes",3,5.75,1.72,0.93,55,"","","",4,4253,NA,"control",-0.0952924416544739,1.13749875657046,8.35537989525363,1.74919985480926,-0.0725706928348354,NA,1.13749875657046
"366","LD090_20","CL027_20","16/12/2020","11/2/2021","cold","ablated","Deli",NA,NA,NA,0.288,NA,12,314,465,23.669,35.379,59.048,"Yes",3,1.72,0.56,0.32,57,"","","",12,314,465,"ablated",0.0717149303172846,-0.167408869042401,5.74939298590825,0.542324290825362,-1.13943428318836,6.14203740558736,-0.167408869042401
"367","LD157_20","CL046_20","7/12/2020","11/2/2021","hot","control","Deli",NA,NA,NA,0.314,1078.16,2,850,2299,24.832,33.64,58.472,"Yes",3,3.12,0.92,0.56,66,"","","",2,850,2299,"control",0.823248104190198,0.419673362519593,6.74523634948436,1.13783300182139,-0.579818495252942,7.74022952476318,0.419673362519593
"368","LD162_20","CL048_20","22/12/2020","31/1/2021","cold","ablated","Deli",NA,NA,NA,0.273,461.072,8,1512,2752,22.761,29.021,51.782,"Yes",3,3.24,1.25,0.58,40,"","","",8,1512,2752,"ablated",-1.34784773144266,-0.625767137536202,7.32118855673948,1.17557332980424,-0.544727175441672,7.92008319905323,-0.625767137536202
"369","LD163_20","CL048_20","3/12/2020","2/3/2021","hot","ablated","Deli",NA,NA,NA,0.403,462.851,3,2558,NA,26.14,43.022,69.162,"Yes",3,6.25,1.74,1.44,89,"","","",3,2558,NA,"ablated",2.74383288186542,1.07995157308115,7.84698098213879,1.83258146374831,0.364643113587909,NA,1.07995157308115
"370","LD169_20","CL049_20","23/12/2020","11/2/2021","cold","control","Deli",NA,NA,NA,0.328,1029.81,2,3707,5482,24.75,34.177,58.927,"Yes",3,2.66,0.75,0.62,50,"","","",2,3707,5482,"control",-0.51281087158387,0.378279774395703,8.21797820315073,0.978326122793608,-0.478035800943,8.60922527686273,0.378279774395703
"371","LD172_20","CL050_20","3/12/2020","11/2/2021","hot","control","Deli",NA,NA,NA,0.395,721.643,5,NA,NA,25.198,39.849,65.047,"Yes",3,3.57,1.22,0.65,70,"","","",5,NA,NA,"control",1.15726284813372,0.604430109511588,NA,1.27256559579155,-0.430782916092454,NA,0.604430109511588
"373","LD178_20","CL052_20","23/12/2020","11/2/2021","cold","ablated","Deli",NA,NA,NA,0.252,914.252,9,284,NA,21.618,34.018,55.636,"Yes",3,11.52,6.6,0.91,50,"","","",9,284,NA,"ablated",-0.51281087158387,-1.20275337199481,5.64897423816121,2.44408465526775,-0.0943106794712413,NA,-1.20275337199481
"374","LD181_20","CL052_20","23/12/2020","11/2/2021","cold","control","Deli",NA,NA,NA,0.258,173.007,11,2146,2294,23.755,36.369,60.124,"Yes",3,2.49,0.75,0.47,50,"","","",11,2146,2294,"control",-0.51281087158387,-0.123996081497835,7.67136092319064,0.912282710476616,-0.755022584278033,7.73805229768932,-0.123996081497835
"375","LD182_20","CL053_20","27/12/2020","2/3/2021","cold","ablated","Deli",NA,NA,NA,0.373,1087.85,5,3821,4276,25.429,40.404,65.833,"Yes",3,19.19,11.09,0.69,65,"","","",5,3821,4276,"ablated",0.739744418204319,0.721038876055714,8.2482674474469,2.95438931001961,-0.371063681390832,8.36077327214494,0.721038876055714
"376","LD183_20","CL053_20","7/12/2020","21/2/2021","hot","ablated","Deli",NA,NA,NA,0.476,240.34,2,4628,NA,27.473,NA,NA,"Yes",3,8.17,5.73,0.69,76,"","V2.3 wrong","",2,4628,NA,"ablated",1.65828496404899,1.75284978002194,8.43988008831357,2.10046890887191,-0.371063681390832,NA,1.75284978002194
"377","LD185_20","CL053_20","28/12/2020","2/3/2021","cold","control","Deli",NA,NA,NA,0.296,911.627,1,2511,NA,23.516,31.79,55.306,"Yes",3,4.03,1.21,0.77,64,"","","",1,2511,NA,"control",0.65624073221844,-0.244643246883318,7.82843635915759,1.39376637595859,-0.261364764134408,NA,-0.244643246883318
"378","LD186_20","CL054_20","23/12/2020","31/1/2021","cold","ablated","Deli",NA,NA,NA,0.29,104.514,11,1644,3305,23.113,32.654,55.767,"Yes",3,4.63,1.74,0.79,39,"","","",11,1644,3305,"ablated",-1.43135141742854,-0.448077588516579,7.40488757561612,1.53255686809814,-0.23572233352107,8.10319175228579,-0.448077588516579
"379","LD191_20","CL055_20","4/12/2020","31/1/2021","hot","ablated","Deli",NA,NA,NA,0.363,1416.11,4,3134,3637,26.108,39.914,66.022,"Yes",3,6.96,2.06,1.47,58,"","","",4,3134,3637,"ablated",0.155218616303164,1.06379797771573,8.05006542291597,1.94017947434633,0.385262400790645,8.19891444498699,1.06379797771573
"380","LD192_20","CL055_20","24/12/2020","31/1/2021","hot","control","Deli",NA,NA,NA,0.278,497.617,6,63,3101,22.841,NA,NA,"Yes",3,7.22,2.2,1.69,38,"","","",6,63,3101,"control",-1.51485510341442,-0.585383149122651,4.14313472639153,1.97685495290473,0.524728528934982,8.03947991910045,-0.585383149122651
"381","LD200_20","CL057_20","6/12/2020","11/2/2021","hot","control","Deli",NA,NA,NA,0.331,832.52,1,NA,NA,25.999,NA,NA,"Yes",3,4.09,1.44,0.79,67,"tail tip is invisible","","",1,NA,NA,"control",0.906751790176077,1.00877479350226,NA,1.40854497005471,-0.23572233352107,NA,1.00877479350226
"382","LD201_20","CL057_20","26/12/2020","11/2/2021","cold","control","Deli",NA,NA,NA,0.268,912.871,2,1423,2029,23.051,38.254,61.305,"Yes",3,4.65,2.97,0.49,47,"","","",2,1423,2029,"control",-0.763321929541508,-0.479375179537081,7.26052259808985,1.53686721959926,-0.713349887877465,7.61529833982581,-0.479375179537081
"383","LD202_20","CL058_20","24/12/2020","21/2/2021","cold","ablated","Deli",NA,NA,NA,0.262,1030.58,55,1804,2008,22.082,NA,NA,"Yes",3,5.02,2.74,0.54,59,"","","",55,1804,2008,"ablated",0.238722302289043,-0.968526239196214,7.49776170062257,1.61342993370364,-0.616186139423817,7.60489448081162,-0.968526239196214
"384","LD204_20","CL058_20","6/12/2020","31/1/2021","hot","control","Deli",NA,NA,NA,0.316,513.59,2,2006,3776,25.541,29.456,54.997,"Yes",3,5.99,1.61,1.4,56,"","","",2,2006,3776,"control",-0.0117887556685947,0.777576459834686,7.60389796852188,1.79009141212736,0.336472236621213,8.23642052726539,0.777576459834686
"385","LD209_20","CL059_20","24/12/2020","31/1/2021","cold","control","Deli",NA,NA,NA,0.255,930.684,61,896,946,22.109,36.438,58.547,"Yes",3,3.16,1.38,0.46,38,"","Second run; turn back several times","",61,896,946,"control",-1.51485510341442,-0.95489664310664,6.79794041297493,1.15057202759882,-0.776528789498996,6.85224256905188,-0.95489664310664
"386","LD227_20","CL066_20","5/12/2020","11/2/2021","hot","ablated","Deli",NA,NA,NA,0.322,793.288,5,4382,NA,27.068,NA,NA,"Yes",3,15.03,5.55,1.42,68,"tail tip is invisible","","",5,4382,NA,"ablated",0.990255476161957,1.54840583867834,8.38526052015541,2.71004820376488,0.350656871613169,NA,1.54840583867834
"387","LD228_20","CL066_20","6/12/2020","11/2/2021","hot","control","Deli",NA,NA,NA,0.334,721.355,33,NA,NA,25.13,36.875,62.005,"Yes",3,3,0.99,0.55,67,"","","",33,NA,NA,"control",0.906751790176077,0.570103719360069,NA,1.09861228866811,-0.59783700075562,NA,0.570103719360069
"388","LD237_20","CL069_20","7/12/2020","1/2/2021","hot","control","Deli",NA,NA,NA,0.374,844.186,3,NA,NA,25.094,38.84,63.934,"Yes",3,3.97,1.28,0.7,56,"weight and photo on Mon","","",3,NA,NA,"control",-0.0117887556685947,0.551930924573972,NA,1.3787660946991,-0.356674943938732,NA,0.551930924573972
"389","LD238_20","CL069_20","23/12/2020","11/2/2021","cold","control","Deli",NA,NA,NA,0.24,886.48,21,1475,2156,22.569,31.419,53.988,"Yes",3,2.5,0.73,0.51,50,"","","",21,1475,2156,"control",-0.51281087158387,-0.722688709728724,7.29641326877392,0.916290731874155,-0.673344553263766,7.67600993202889,-0.722688709728724
"390","LD241_20","CL070_20","25/12/2020","31/1/2021","cold","ablated","Deli",NA,NA,NA,0.251,381.497,6,NA,NA,21.882,33.909,55.791,"Yes",3,4.84,1.35,1.12,37,"","","",6,NA,NA,"ablated",-1.5983587894003,-1.06948621023009,NA,1.57691472072854,0.113328685307003,NA,-1.06948621023009
"391","LD242_20","CL070_20","8/12/2020","21/2/2021","hot","ablated","Deli",NA,NA,NA,0.471,730.126,8,2605,4177,26.523,42.097,68.62,"Yes",3,3.82,1.01,0.86,75,"","","",8,2605,4177,"ablated",1.57478127806311,1.27328991761102,7.86518795418747,1.34025042261848,-0.150822889734584,8.33734856449717,1.27328991761102
"392","LD243_20","CL070_20","25/12/2020","31/1/2021","cold","ablated","Deli",NA,NA,NA,0.211,764.838,29,121,667,22.596,31.302,53.898,"Yes",3,8.29,2.74,1.48,37,"","","",29,121,667,"ablated",-1.5983587894003,-0.70905911363915,4.79579054559674,2.1150499691472,0.392042087776024,6.50279004591562,-0.70905911363915
"393","LD257_20","Cl076_20","28/12/2020","11/2/2021","cold","ablated","Deli",NA,NA,NA,0.259,777.678,5,1238,3108,21.873,33.795,55.668,"Yes",3,3.68,1.36,0.73,45,"","","",5,1238,3108,"ablated",-0.930329301513267,-1.07402940892661,7.12125245324454,1.30291275218084,-0.3147107448397,8.04173471148754,-1.07402940892661
"394","LD258_20","Cl076_20","8/12/2020","31/1/2021","hot","ablated","Deli",NA,NA,NA,0.257,809.597,6,2872,4074,23.566,36.614,60.18,"Yes",3,3.83,1.2,0.7,54,"","","",6,2872,4074,"ablated",-0.178796127640353,-0.219403254124848,7.96276393016811,1.34286480319255,-0.356674943938732,8.31238059678675,-0.219403254124848
"395","LD263_20","CL078_20","12/12/2020","31/1/2021","hot","control","Deli",NA,NA,NA,0.394,990.328,NA,NA,NA,27.002,42.175,69.177,"Yes",3,4.49,1.37,0.99,50,"","","",NA,NA,NA,"control",-0.51281087158387,1.51508904823716,NA,1.50185270175416,-0.0100503358535015,NA,1.51508904823716
"396","LD264_20","CL078_20","11/12/2020","21/2/2021","hot","ablated","Deli",NA,NA,NA,0.383,786.662,2,2040,4263,25.559,40.586,66.145,"Yes",3,2.46,0.89,0.49,72,"","","",2,2040,4263,"ablated",1.32427022010547,0.786662857227736,7.62070508683826,0.900161349944271,-0.713349887877465,8.35772841676521,0.786662857227736
"397","LD269_20","CL079_20","28/12/2020","21/2/2021","cold","control","Deli",NA,NA,NA,0.383,909.59,7,829,2977,24.703,32.739,57.442,"Yes",3,7,2.41,1.39,55,"","","",7,829,2977,"control",-0.0952924416544739,0.354554181202742,6.7202201551353,1.94591014905531,0.3293037471426,7.99867136101578,0.354554181202742
"398","LD280_20","CL084_20","11/12/2020","11/2/2021","hot","control","Deli",NA,NA,NA,0.277,628.87,10,1243,1868,23.846,36.798,60.644,"Yes",3,3.87,1.4,0.81,62,"","","",10,1243,1868,"control",0.489233360246681,-0.07805929467742,7.12528309151071,1.35325450704169,-0.210721031315653,7.53262361878879,-0.07805929467742
"399","LD281_20","CL084_20","11/12/2020","21/2/2021","hot","ablated","Deli",NA,NA,NA,0.429,206.895,41,39,4419,26.948,37.733,64.681,"Yes",3,3.78,1.45,0.54,72,"","","",41,39,4419,"ablated",1.32427022010547,1.48782985605801,3.66356164612965,1.3297240096315,-0.616186139423817,8.39366870513074,1.48782985605801
"400","LD282_20","CL084_20","29/12/2020","11/2/2021","cold","ablated","Deli",NA,NA,NA,0.229,505.737,15,NA,NA,23.016,31.173,54.189,"Yes",3,5.78,1.82,1.12,44,"","","",15,NA,NA,"ablated",-1.01383298749915,-0.49704317446801,NA,1.75440368268429,0.113328685307003,NA,-0.49704317446801
"401","LD283_20","CL084_20","29/12/2020","21/2/2021","cold","control","Deli",NA,NA,NA,0.295,664.541,1,1534,3429,22.994,34.573,57.567,"Yes",3,3.74,1.12,0.76,54,"","","",1,1534,3429,"control",-0.178796127640353,-0.508148771281736,7.3356339819272,1.31908561142644,-0.27443684570176,8.14002395246292,-0.508148771281736
"402","LD287_20","CL086_20","24/12/2020","31/1/2021","cold","control","Deli",NA,NA,NA,0.21,451.075,27,1498,2332,20.72,31.569,52.289,"Yes",3,2.79,0.91,0.45,38,"","","",27,1498,2332,"control",-1.51485510341442,-1.65606364193692,7.31188616407716,1.02604159583327,-0.798507696217772,7.75448154747038,-1.65606364193692
"403","LD290_20","CL086_20","8/12/2020","31/1/2021","hot","control","Deli",NA,NA,NA,0.362,707.942,4,1365,2870,26.745,35.738,62.483,"Yes",3,3.81,1.36,0.71,54,"","","",4,1365,2870,"control",-0.178796127640353,1.38535548545863,7.21890970761906,1.33762918913861,-0.342490308946776,7.96206730875367,1.38535548545863
"405","LD292_20","CL087_20","30/12/2020","21/2/2021","cold","ablated","Deli",NA,NA,NA,0.327,1425.68,1,1544,2622,23.439,41.258,64.697,"Yes",3,3.22,1.01,0.69,53,"","","",1,1544,2622,"ablated",-0.262299813626232,-0.283512835731359,7.34213173058472,1.16938135955632,-0.371063681390832,7.87169266432365,-0.283512835731359
"406","LD294_20","CL087_20","12/12/2020","11/2/2021","hot","control","Deli",NA,NA,NA,0.416,903.692,8,698,945,26.394,40.788,67.182,"Yes",3,3.59,0.98,0.77,61,"","","",8,698,945,"control",0.405729674260802,1.20817073629417,6.54821910276237,1.27815220250019,-0.261364764134408,6.85118492749374,1.20817073629417
"407","LD311_20","CL093_20","31/12/2020","21/2/2021","cold","ablated","Deli",NA,NA,NA,0.276,519.224,2,NA,NA,22.91,32.631,55.541,"Yes",3,9.78,7.79,0.4,52,"","","",2,NA,NA,"ablated",-0.345803499612112,-0.550551959115964,NA,2.28033948404673,-0.916290731874155,NA,-0.550551959115964
"408","LD312_20","CL093_20","13/12/2020","2/3/2021","hot","ablated","Deli",NA,NA,NA,0.325,400.088,1,2023,NA,24.108,40.238,64.346,"Yes",3,5.13,2.63,0.71,79,"","","",1,2023,NA,"ablated",1.90879602200663,0.0541982673769589,7.61233683716775,1.63510565918268,-0.342490308946776,NA,0.0541982673769589
"409","LD332_20","CL097_20","15/12/2020","21/2/2021","hot","control","Deli",NA,NA,NA,0.351,955.304,77,573,3959,25.365,NA,NA,"Yes",3,4.33,1.44,0.76,68,"","","",77,573,3959,"control",0.990255476161957,0.688731685324874,6.35088571671474,1.4655675420144,-0.27443684570176,8.28374674710613,0.688731685324874
"410","LD333_20","CL097_20","2/1/2021","2/3/2021","cold","ablated","Deli",NA,NA,NA,0.263,1341.85,4,505,1192,22.451,32.773,55.224,"Yes",3,20.13,16.29,1.15,59,"","","",4,505,1192,"ablated",0.238722302289043,-0.782255092638711,6.22455842927536,3.0022112396517,0.139761942375159,7.0833878476253,-0.782255092638711
"411","LD336_20","CL098_20","14/12/2020","2/3/2021","hot","control","Deli",NA,NA,NA,0.327,91.8333,2,NA,NA,21.897,NA,NA,"Yes",3,3.86,1.13,0.77,78,"","","",2,NA,NA,"control",1.82529233602075,-1.06191421240255,NA,1.35066718347674,-0.261364764134408,NA,-1.06191421240255
"412","LD342_20","CL100_20","27/12/2020","31/1/2021","cold","control","Deli",NA,NA,NA,0.248,681.754,NA,NA,NA,23.881,33.619,57.5,"Yes",3,3.16,0.9,0.68,35,"","","",NA,NA,NA,"control",-1.76536616137206,-0.0603912997464915,NA,1.15057202759882,-0.385662480811985,NA,-0.0603912997464915
"413","LD345_20","CL101_20","31/12/2020","2/3/2021","cold","control","Deli",NA,NA,NA,0.302,235.501,48,2894,4280,23.633,31.347,54.98,"Yes",3,3.23,1.09,0.58,61,"","","",48,2894,4280,"control",0.405729674260802,-0.185581663828499,7.97039490719143,1.17248213723457,-0.544727175441672,8.36170828857584,-0.185581663828499
"414","LD349_20","CL102_20","3/1/2021","2/3/2021","cold","control","Deli",NA,NA,NA,0.22,286.105,1,1137,2207,21.164,31.841,53.005,"Yes",3,2.63,0.69,0.61,58,"","","",1,1137,2207,"control",0.155218616303164,-1.43193250624171,7.03614849375054,0.966983846189673,-0.49429632181478,7.69938940625674,-1.43193250624171
"415","LD353_20","CL103_20","17/12/2020","2/3/2021","hot","control","Deli",NA,NA,NA,0.398,1119.82,10,1310,1872,24.029,NA,NA,"Yes",3,2.21,0.71,0.42,75,"","","",10,1310,1872,"control",1.57478127806311,0.0143190788185772,7.1777824161952,0.792992515529661,-0.867500567704723,7.53476265703754,0.0143190788185772
"416","LD358_20","CL104_20","3/1/2021","21/2/2021","cold","ablated","Deli",NA,NA,NA,0.192,790.438,3,2315,3541,20.821,24.967,45.788,"Yes",3,2.78,0.84,0.55,49,"","","",3,2315,3541,"ablated",-0.59631455756975,-1.60507885656481,7.74716496652033,1.02245092770255,-0.59783700075562,8.1721644521119,-1.60507885656481
"417","LD361_20","CL104_20","18/12/2020","31/1/2021","hot","ablated","Deli",NA,NA,NA,0.257,1034.77,2,2044,2914,21.392,35.761,57.153,"Yes",3,8.75,3.11,1.55,44,"","","",2,2044,2914,"ablated",-1.01383298749915,-1.31683813926309,7.6226639513236,2.16905370036952,0.438254930931155,7.97728198675515,-1.31683813926309
"418","LD365_20","CL105_20","15/12/2020","11/2/2021","hot","ablated","Deli",NA,NA,NA,0.256,1535.96,35,332,424,22.08,34.559,56.639,"Yes",3,3.4,1.02,0.66,58,"","","",35,332,424,"ablated",0.155218616303164,-0.969535838906554,5.80513496891649,1.22377543162212,-0.415515443961666,6.04973345523196,-0.969535838906554
"419","LD374_20","CL109_20","19/12/2020","11/2/2021","hot","ablated","Deli",NA,NA,NA,0.228,769.589,2,NA,NA,21.585,NA,NA,"Yes",3,6.22,2.03,1.27,54,"tail tip is invisible","","",2,NA,NA,"ablated",-0.178796127640353,-1.2194117672154,NA,1.82776990675109,0.2390169004705,NA,-1.2194117672154
"420","LD378_20","CL111_20","7/1/2021","21/2/2021","cold","ablated","Deli",NA,NA,NA,0.299,869.699,5,126,1808,22.926,30.196,53.122,"Yes",3,9.99,2.86,2.24,45,"","","",5,126,1808,"ablated",-0.930329301513267,-0.542475161433254,4.83628190695148,2.30158459266046,0.806475865866949,7.49997654095212,-0.542475161433254
"421","LD383_20","CL111_20","19/12/2020","11/2/2021","hot","ablated","Deli",NA,NA,NA,0.242,404.973,48,NA,NA,23.146,35.483,58.629,"Yes",3,3.22,0.93,0.64,54,"","","",48,NA,NA,"ablated",-0.178796127640353,-0.431419193295989,NA,1.16938135955632,-0.44628710262842,NA,-0.431419193295989
"422","LD386_20","CL112_20","9/1/2021","2/3/2021","cold","ablated","Deli",NA,NA,NA,0.334,466.942,6,316,883,23.609,29.225,52.834,"Yes",3,3.34,1.12,0.67,52,"","","",6,316,883,"ablated",-0.345803499612112,-0.197696860352563,5.75574221358691,1.20597080698861,-0.400477566597125,6.78332520060396,-0.197696860352563
"423","LD387_20","CL112_20","22/12/2020","21/2/2021","hot","ablated","Deli",NA,NA,NA,0.418,480.632,12,1351,2276,27.17,41.069,68.239,"Yes",3,5.23,1.86,0.88,61,"","","",12,1351,2276,"ablated",0.405729674260802,1.59989542390561,7.2086003379602,1.65441127807683,-0.127833371509885,7.73017479524622,1.59989542390561
"424","LD390_20","CL114_20","6/1/2021","21/2/2021","cold","ablated","Deli",NA,NA,NA,0.242,917.995,13,1803,NA,21.512,32.253,53.765,"Yes",3,7.85,5.13,0.77,46,"","","",13,1803,NA,"ablated",-0.846825615527387,-1.25626215664276,7.49720722320332,2.06051353179432,-0.261364764134408,NA,-1.25626215664276
"425","LD396_20","CL115_20","7/1/2021","2/3/2021","cold","control","Deli",NA,NA,NA,0.279,498.125,17,2454,2581,24.188,34.132,58.32,"Yes",3,2.65,0.75,0.57,54,"","","",17,2454,2581,"control",-0.178796127640353,0.0945822557905088,7.80547462527086,0.974559639998131,-0.562118918153541,7.85593219971861,0.0945822557905088
"426","LD408_20","CL120_20","8/1/2021","2/3/2021","cold","ablated","Deli",NA,NA,NA,0.349,241.621,7,4847,NA,25.893,34.618,60.511,"Yes",3,4.58,1.23,1.08,53,"","","",7,4847,NA,"ablated",-0.262299813626232,0.95526600885431,8.48611523584538,1.52169899812609,0.0769610411361284,NA,0.95526600885431
"427","LD416_20","CL123_20","9/1/2021","21/2/2021","cold","control","Deli",NA,NA,NA,0.252,632.398,3,3833,NA,23.622,29.731,53.353,"Yes",3,2.81,0.8,0.55,43,"","","",3,3833,NA,"control",-1.09733667348503,-0.191134462235362,8.25140306538056,1.03318448334565,-0.59783700075562,NA,-0.191134462235362
"428","LD419_20","CL124_20","27/12/2020","31/1/2021","hot","control","Deli",NA,NA,NA,0.196,681.459,6,NA,NA,21.269,27.942,49.211,"Yes",3,6.49,2.94,0.96,35,"","","",6,NA,NA,"control",-1.76536616137206,-1.37892852144892,NA,1.870262530716,-0.0408219945202552,NA,-1.37892852144892
"430","LD426_20","CL125_20","10/1/2021","21/2/2021","cold","control","Deli",NA,NA,NA,0.209,613.425,7,2843,3693,21.322,30.629,51.951,"Yes",3,3.44,1.37,0.59,42,"","","",7,2843,3693,"control",-1.1808403594709,-1.35217412912495,7.952615111651,1.23547147138531,-0.527632742082372,8.21419441485256,-1.35217412912495
"431","LD430_20","CL127_20","26/12/2020","31/1/2021","hot","ablated","Deli",NA,NA,NA,0.226,NA,NA,NA,NA,NA,NA,NA,"Yes",3,NA,0,NA,36,"cannot see cloaca","V2.2 wrong","DAY 3 All NA, WRONG",NA,NA,NA,"ablated",-1.68186247538618,NA,NA,NA,NA,NA,NA
"432","LD432_20","CL127_20","28/12/2020","21/2/2021","hot","control","Deli",NA,NA,NA,0.33,664.865,168,NA,NA,23.24,34.173,57.413,"Yes",3,2.36,0.68,0.38,55,"","","",168,NA,NA,"control",-0.0952924416544739,-0.383968006910068,NA,0.858661619037519,-0.967584026261706,NA,-0.383968006910068
"433","LD442_20","CL129_20","28/12/2020","11/2/2021","hot","ablated","Deli",NA,NA,NA,0.238,779.085,2,1793,2457,22.747,NA,NA,"Yes",3,2.34,0.66,0.5,45,"tail tip is invisible","","",2,1793,2457,"ablated",-0.930329301513267,-0.632834335508573,7.49164547360513,0.85015092936961,-0.693147180559945,7.80669637252118,-0.632834335508573
"434","LD469_20","CL140_20","3/1/2021","21/2/2021","hot","control","Deli",NA,NA,NA,0.208,848.604,5,NA,NA,20.377,27.697,48.074,"Yes",3,7.02,2.3,1.46,49,"","","",5,NA,NA,"control",-0.59631455756975,-1.82920999226001,NA,1.94876321803772,0.378436435720245,NA,-1.82920999226001
"435","LD482_20","CL142_20","31/12/2020","2/3/2021","hot","ablated","Deli",NA,NA,NA,0.308,387.933,12,NA,NA,23.152,36.71,59.862,"Yes",3,5.34,1.51,1.21,61,"","","",12,NA,NA,"ablated",0.405729674260802,-0.428390394164972,NA,1.6752256529721,0.19062035960865,NA,-0.428390394164972
"436","LD490_20","CL145_20","1/1/2021","2/3/2021","hot","ablated","Deli",NA,NA,NA,0.291,199.68,4,4604,NA,24.117,36.264,60.381,"Yes",3,5.45,1.55,1.2,60,"","","",4,4604,NA,"ablated",0.322225988274922,0.0587414660734835,8.43468076984177,1.69561560867515,0.182321556793955,NA,0.0587414660734835
"437","LD493_20","CL146_20","7/1/2021","21/2/2021","hot","control","Deli",NA,NA,NA,0.228,711.105,9,639,712,20.539,31.12,51.659,"Yes",3,2.91,0.88,0.53,45,"","","",9,639,712,"control",-0.930329301513267,-1.74743241572257,6.45990445437753,1.0681530811834,-0.63487827243597,6.56807791141198,-1.74743241572257
"438","LD496_20","CL147_20","29/12/2020","21/2/2021","hot","control","Deli",NA,NA,NA,0.335,518.938,3,2764,3718,NA,NA,NA,"Yes",3,4.52,1.42,0.88,54,"no photo","","",3,2764,3718,"control",-0.178796127640353,NA,7.92443418488756,1.50851199384414,-0.127833371509885,8.22094116828139,NA
"439","LD503_20","CL149_20","5/1/2021","2/3/2021","hot","control","Deli",NA,NA,NA,0.301,1082.36,2,1431,NA,24.616,32.74,57.356,"Yes",3,9.05,3.49,1.36,56,"","","",2,1431,NA,"control",-0.0117887556685947,0.310636593803006,7.26612877955645,2.20276475771183,0.307484699747961,NA,0.310636593803006
"440","LD532_20","CL155_20","4/1/2021","2/3/2021","hot","control","Deli",NA,NA,NA,0.28,194.128,19,2666,4359,24.072,36.011,60.083,"Yes",3,2.49,0.83,0.53,57,"","","",19,2666,4359,"control",0.0717149303172846,0.0360254725908604,7.88833450073865,0.912282710476616,-0.63487827243597,8.37999795223839,0.0360254725908604
