id,age,day_hatch,temp,egg_treat,sp,Weigth,Distance.moved1,Distance.moved2,Distance.moved3,mean_dist,Movement,Movement.1,Movement.2,Movement.3,Movement.4,Movement.5,mean_tohide,Time_snout_sec1,Time_snout_sec2,Time_snout_sec3,mean_snout,Time_emerge_sec1,Time_emerge_sec3,Time_emerge_sec3,mean_emerge,Notes.y,bd_liz_id.y,SVL,Tail,Total,Tail_intact,Notes,Notes.1,Notes.2.y,day,speed_1m_s1,speed_1m_s2,speed_1m_s3,mean_1m,burst_25cm1,burst_25cm2,burst_25cm3,mean_25cm
LD021_20,61,01-Dec-20,cold,ablated,Deli,0.503,1453.31,885.622,1036.1,1125.010667,225.279,1.99999,972.398,0.039999,NA,NA,53.5,364,280,NA,322,1610,2377,NA,1993.5,,LD021_20,28.506,NA,NA,Yes,tail tip is invisible,,,1,2.88,2.93,2.91,2.906666667,0.95,0.94,1.21,1.033333333
LD050_20,57,16/12/2020,cold,ablated,Deli,0.316,752.477,1162.87,951.825,955.724,134.24,11.48,1065.8,0.039999,NA,NA,166,493,203,332,342.6666667,932,NA,880,906,,LD050_20,24.177,36.386,60.563,Yes,,,,1,5.36,5.15,5.73,5.413333333,1.45,1.34,1.69,1.493333333
LD074_20,54,19/12/2020,cold,ablated,Deli,0.252,586.561,460.464,501.983,516.336,107.08,0.879997,1088.16,0.039999,NA,NA,15.33333333,NA,4369,NA,4369,NA,NA,NA,NA,,LD074_20,21.696,31.849,53.545,Yes,,,,1,3.3,2.65,2.83,2.926666667,1,0.89,0.92,0.936666667
LD090_20,57,16/12/2020,cold,ablated,Deli,0.288,430.128,677.178,NA,553.653,88.0798,43.0799,1111.96,0.039999,NA,NA,14.33333333,1341,NA,314,827.5,1373,1015,465,951,,LD090_20,23.669,35.379,59.048,Yes,,,,1,1.99,2.57,1.72,2.093333333,0.72,1.11,0.56,0.796666667
LD162_20,40,22/12/2020,cold,ablated,Deli,0.273,697.518,510.95,461.072,556.5133333,109.76,34.8399,1090.08,0.039999,NA,NA,5.333333333,452,1666,1512,1210,1491,2523,2752,2255.333333,,LD162_20,22.761,29.021,51.782,Yes,,,,1,2.83,2.74,3.24,2.936666667,0.83,0.9,1.25,0.993333333
LD173_20,39,23/12/2020,cold,ablated,Deli,0.25,637.227,NA,NA,637.227,124.36,2.07999,1075.68,0.039999,NA,NA,9,NA,NA,NA,NA,NA,NA,NA,NA,No tail,LD173_20,22.552,34.235,56.787,No,tail drop during running,,"DAY 3 All NA, WRONG",1,9.03,5.49,NA,7.26,4.78,3.32,0,2.7
LD178_20,50,23/12/2020,cold,ablated,Deli,0.252,636.461,750.275,914.252,766.996,136.32,0.039999,1063.72,1.99999,NA,NA,6,1826,1953,284,1354.333333,NA,NA,NA,NA,,LD178_20,21.618,34.018,55.636,Yes,,,,1,16.89,4.76,11.52,11.05666667,14.12,1.41,6.6,7.376666667
LD182_20,65,27/12/2020,cold,ablated,Deli,0.373,13.9047,710.525,1087.85,604.0932333,NA,0,NA,1200.04,1200.04,0.039999,4.666666667,1323,3211,3821,2785,2225,NA,4276,3250.5,,LD182_20,25.429,40.404,65.833,Yes,,,,1,2.76,2.52,19.19,8.156666667,1.06,0.86,11.09,4.336666667
LD186_20,39,23/12/2020,cold,ablated,Deli,0.29,618.339,552.22,104.514,425.0243333,119.52,5.99998,1080.52,0.039999,NA,NA,7.333333333,1856,1641,1644,1713.666667,2999,3243,3305,3182.333333,,LD186_20,23.113,32.654,55.767,Yes,,,,1,4.02,4.09,4.63,4.246666667,1.37,1.23,1.74,1.446666667
LD202_20,59,24/12/2020,cold,ablated,Deli,0.262,993.559,753.294,1030.58,925.811,1.14,209.759,56.2799,5.26918,974.798,0.039999,18.33333333,1001,2513,1804,1772.666667,3752,1922,2008,2560.666667,,LD202_20,22.082,NA,NA,Yes,,,,1,2.82,2.55,5.02,3.463333333,0.83,0.76,2.74,1.443333333
LD241_20,37,25/12/2020,cold,ablated,Deli,0.251,781.715,438.321,381.497,533.8443333,160.64,25.5199,1039.4,0.039999,NA,NA,16,NA,782,NA,782,NA,NA,NA,NA,,LD241_20,21.882,33.909,55.791,Yes,,,,1,3.24,3.07,4.84,3.716666667,1.04,1.15,1.35,1.18
LD243_20,37,25/12/2020,cold,ablated,Deli,0.211,1406.93,898.235,764.838,1023.334333,184.4,0.039999,1015.4,0.759998,NA,NA,21.33333333,2529,NA,121,1325,2751,3275,667,2231,,LD243_20,22.596,31.302,53.898,Yes,,,,1,4.5,5.1,8.29,5.963333333,1.26,1.45,2.74,1.816666667
LD257_20,45,28/12/2020,cold,ablated,Deli,0.259,485.262,350.198,777.678,537.7126667,66.3198,62.8398,1133.72,0.039999,NA,NA,5.666666667,3523,NA,1238,2380.5,3776,2689,3108,3191,,LD257_20,21.873,33.795,55.668,Yes,,,,1,4.97,4.56,3.68,4.403333333,2.08,1.47,1.36,1.636666667
LD282_20,44,29/12/2020,cold,ablated,Deli,0.229,537.094,538.044,505.737,526.9583333,84.3198,0.039999,1115.72,0.119999,NA,NA,6.333333333,3719,NA,NA,3719,NA,NA,NA,NA,,LD282_20,23.016,31.173,54.189,Yes,,,,1,7.03,5.35,5.78,6.053333333,2.42,1.45,1.82,1.896666667
LD292_20,53,30/12/2020,cold,ablated,Deli,0.327,1334.11,1238.84,1425.68,1332.876667,232.559,0.039999,967.478,0.079999,NA,NA,19,552,NA,1544,1048,979,1497,2622,1699.333333,,LD292_20,23.439,41.258,64.697,Yes,,,,1,2.53,2.45,3.22,2.733333333,0.77,0.87,1.01,0.883333333
LD311_20,52,31/12/2020,cold,ablated,Deli,0.276,496.236,620.098,519.224,545.186,0.836398,83.6398,50.9999,11.0024,1100.24,0.039999,10.66666667,NA,4219,NA,4219,NA,NA,NA,NA,,LD311_20,22.91,32.631,55.541,Yes,,,,1,61.55,9.01,9.78,26.78,26.49,3.74,7.79,12.67333333
LD333_20,59,2/1/2021,cold,ablated,Deli,0.263,1207.88,1101.21,1341.85,1216.98,1.90504,234.319,117.48,7.76256,962.558,0.039999,7.333333333,1318,1143,505,988.6666667,1594,1889,1192,1558.333333,,LD333_20,22.451,32.773,55.224,Yes,,,,1,16.83,25.94,20.13,20.96666667,10.02,17.3,16.29,14.53666667
LD358_20,49,3/1/2021,cold,ablated,Deli,0.192,552.688,588.665,790.438,643.9303333,100.6,25.3599,1099.44,0.039999,NA,NA,2.666666667,2191,NA,2315,2253,3328,4178,3541,3682.333333,,LD358_20,20.821,24.967,45.788,Yes,,,,1,7.84,48.8,2.78,19.80666667,5.87,31.72,0.84,12.81
LD378_20,45,7/1/2021,cold,ablated,Deli,0.299,1000.78,551.268,869.699,807.249,201.439,11.8,992.358,0.039999,NA,NA,3.666666667,881,686,126,564.3333333,4296,3834,1808,3312.666667,,LD378_20,22.926,30.196,53.122,Yes,,,,1,9.9,6.28,9.99,8.723333333,3.19,1.75,2.86,2.6
LD386_20,52,9/1/2021,cold,ablated,Deli,0.334,433.209,537.732,466.942,479.2943333,85.2798,17.08,1114.76,0.039999,NA,NA,11.66666667,793,2352,316,1153.666667,1367,NA,883,1125,,LD386_20,23.609,29.225,52.834,Yes,,,,1,6.57,3.4,3.34,4.436666667,1.96,1.09,1.12,1.39
LD390_20,46,6/1/2021,cold,ablated,Deli,0.242,673.695,846.309,917.995,812.6663333,110.92,62.7598,1089.12,0.039999,NA,NA,22.66666667,NA,NA,1803,1803,NA,2547,NA,2547,,LD390_20,21.512,32.253,53.765,Yes,,,,1,4.11,2.86,7.85,4.94,1.7,1.03,5.13,2.62
LD408_20,53,8/1/2021,cold,ablated,Deli,0.349,NA,228.458,241.621,235.0395,NA,NA,NA,NA,NA,NA,4.666666667,3973,4088,4847,4302.666667,NA,NA,NA,NA,,LD408_20,25.893,34.618,60.511,Yes,,,,1,5.28,3.99,4.58,4.616666667,1.94,1.38,1.23,1.516666667
LD046_20,68,24/11/2020,hot,ablated,Deli,0.321,605.448,591.039,63.0032,419.8300667,85.4398,0.079999,1108.04,0.039999,NA,NA,242.3333333,NA,187,NA,187,NA,NA,NA,NA,,LD046_20,25.036,40.75,65.786,Yes,,,,1,4.85,15.11,12.08,10.68,1.31,8.54,4.26,4.703333333
LD058_20,68,24/11/2020,hot,ablated,Deli,0.398,531.908,705.409,467.619,568.312,0.957301,85.1998,90.4398,12.3871,1114.84,0.039999,31,1416,1592,1147,1385,1750,1920,1260,1643.333333,,LD058_20,25.3,45.39,70.69,Yes,,,,1,2.81,2.91,2.85,2.856666667,0.88,1.18,0.8,0.953333333
LD061_20,78,25/11/2020,hot,ablated,Deli,0.486,371.93,478.921,877.755,576.202,53.5599,86.3598,1146.48,0.039999,NA,NA,4.333333333,NA,NA,3860,3860,NA,NA,NA,NA,,LD061_20,30.147,44.976,75.123,Yes,wrong V1.1,,,1,2.12,4.91,2.64,3.223333333,0.79,1.68,0.82,1.096666667
LD163_20,89,3/12/2020,hot,ablated,Deli,0.403,1159.09,142.735,462.851,588.2253333,143.4,8.11998,1056.64,0.039999,NA,NA,3.333333333,4215,NA,2558,3386.5,5132,NA,NA,5132,,LD163_20,26.14,43.022,69.162,Yes,,,,1,6.21,5.35,6.25,5.936666667,1.77,1.64,1.74,1.716666667
LD183_20,76,7/12/2020,hot,ablated,Deli,0.476,579.753,602.08,240.34,474.0576667,101.88,72.6798,1098.16,0.039999,NA,NA,13.33333333,1524,4766,4628,3639.333333,3423,4286,NA,3854.5,,LD183_20,27.473,NA,NA,Yes,,V2.3 wrong,,1,2.16,6.39,8.17,5.573333333,0.68,5.11,5.73,3.84
LD191_20,58,4/12/2020,hot,ablated,Deli,0.363,886.822,1232.79,1416.11,1178.574,149.96,0.039999,1050.08,0.999997,NA,NA,9,4722,NA,3134,3928,NA,NA,3637,3637,,LD191_20,26.108,39.914,66.022,Yes,,,,1,6.69,3.98,6.96,5.876666667,2.85,1.49,2.06,2.133333333
LD227_20,68,5/12/2020,hot,ablated,Deli,0.322,813.81,891.769,793.288,832.9556667,151.92,17.04,1013.8,0.039999,NA,NA,17.66666667,4729,991,4382,3367.333333,NA,NA,NA,NA,,LD227_20,27.068,NA,NA,Yes,tail tip is invisible,,,1,7.17,13.66,15.03,11.95333333,2.19,4.12,5.55,3.953333333
LD242_20,75,8/12/2020,hot,ablated,Deli,0.471,464.31,462.089,730.126,552.175,1.1259,68.6798,10.08,17.9935,1115.6,0.039999,19.66666667,497,NA,2605,1551,NA,3681,4177,3929,,LD242_20,26.523,42.097,68.62,Yes,,,,1,2.89,3.27,3.82,3.326666667,0.78,1.08,1.01,0.956666667
LD258_20,54,8/12/2020,hot,ablated,Deli,0.257,718.987,846.211,809.597,791.5983333,1.5456,115.92,157.96,14.2647,1084.12,0.039999,13.66666667,1580,704,2872,1718.666667,2534,3061,4074,3223,,LD258_20,23.566,36.614,60.18,Yes,,,,1,6.42,3.66,3.83,4.636666667,1.99,1.04,1.2,1.41
LD264_20,72,11/12/2020,hot,ablated,Deli,0.383,823.588,595.951,786.662,735.4003333,144.4,22.5999,1055.64,0.039999,NA,NA,3.666666667,3155,2476,2040,2557,4428,4928,4263,4539.666667,,LD264_20,25.559,40.586,66.145,Yes,,,,1,2.53,3.02,2.46,2.67,0.78,0.99,0.89,0.886666667
LD281_20,72,11/12/2020,hot,ablated,Deli,0.429,492.34,589.857,206.895,429.6973333,98.0798,624.118,1094.88,0.039999,NA,NA,42.66666667,NA,335,39,187,NA,NA,4419,4419,,LD281_20,26.948,37.733,64.681,Yes,,,,1,3.36,2.69,3.78,3.276666667,1.17,0.92,1.45,1.18
LD312_20,79,13/12/2020,hot,ablated,Deli,0.325,307.11,191.535,400.088,299.5776667,53.6799,519.399,1146.36,0.039999,NA,NA,1.333333333,867,1463,2023,1451,3492,NA,NA,3492,,LD312_20,24.108,40.238,64.346,Yes,,,,1,3.8,4.56,5.13,4.496666667,1.11,1.67,2.63,1.803333333
LD361_20,44,18/12/2020,hot,ablated,Deli,0.257,927.828,949.495,1034.77,970.6976667,1.10836,182.88,2.59999,6.16459,1017.16,0.039999,25.33333333,1364,NA,2044,1704,2630,3739,2914,3094.333333,,LD361_20,21.392,35.761,57.153,Yes,,,,1,3.61,4.84,8.75,5.733333333,1.41,1.88,3.11,2.133333333
LD365_20,58,15/12/2020,hot,ablated,Deli,0.256,1121.04,1266.5,1535.96,1307.833333,181.2,28.3199,985.758,0.039999,NA,NA,14.33333333,5624,1875,332,2610.333333,NA,1361,424,892.5,,LD365_20,22.08,34.559,56.639,Yes,,,,1,3.36,4.15,3.4,3.636666667,1.15,1.33,1.02,1.166666667
LD374_20,54,19/12/2020,hot,ablated,Deli,0.228,589.483,474.413,769.589,611.1616667,1.24413,108.24,212.279,12.4068,1091.8,0.039999,6.666666667,NA,5031,NA,5031,NA,NA,NA,NA,,LD374_20,21.585,NA,NA,Yes,tail tip is invisible,,,1,5.15,4.31,6.22,5.226666667,1.52,1.2,2.03,1.583333333
LD383_20,54,19/12/2020,hot,ablated,Deli,0.242,580.773,260.107,404.973,415.2843333,1.19647,122.04,4.79999,10.2884,1070,0.039999,36.66666667,NA,1451,NA,1451,NA,NA,NA,NA,,LD383_20,23.146,35.483,58.629,Yes,,,,1,3.59,3.21,3.22,3.34,1.16,0.95,0.93,1.013333333
LD387_20,61,22/12/2020,hot,ablated,Deli,0.418,816.123,861.485,480.632,719.4133333,151.64,151.92,960.878,0.039999,NA,NA,10.33333333,1282,1287,1351,1306.666667,2582,2737,2276,2531.666667,,LD387_20,27.17,41.069,68.239,Yes,,,,1,3.88,4.01,5.23,4.373333333,1.34,1.28,1.86,1.493333333
LD423_20,58,25/12/2020,hot,ablated,Deli,0.28,723.583,803.434,558.782,695.2663333,1.22348,133.36,149.88,9.46179,1040.8,0.039999,5.666666667,719,2125,1327,1390.333333,1610,1707,1926,1747.666667,,LD423_20,23.383,28.544,51.927,No,,drop 1cm tail,,1,7.55,6.64,12.5,8.896666667,2.11,2.03,4.12,2.753333333
LD430_20,36,26/12/2020,hot,ablated,Deli,0.226,1328.12,326.009,NA,827.0645,223.679,0.119999,976.358,0.039999,NA,NA,27.5,2449,1934,NA,2191.5,NA,841,NA,841,,LD430_20,NA,NA,NA,Yes,cannot see cloaca,V2.2 wrong,"DAY 3 All NA, WRONG",1,4.23,5.96,NA,5.095,1.33,1.6,0,0.976666667
LD442_20,45,28/12/2020,hot,ablated,Deli,0.238,670.84,811.828,779.085,753.9176667,119.2,3.39999,1080.84,0.039999,NA,NA,5,NA,NA,1793,1793,NA,NA,2457,2457,,LD442_20,22.747,NA,NA,Yes,tail tip is invisible,,,1,2.99,2.68,2.34,2.67,0.89,0.81,0.66,0.786666667
LD482_20,61,31/12/2020,hot,ablated,Deli,0.308,366.715,192.998,387.933,315.882,1.1453,56.1199,287.679,22.8783,1143.92,0.039999,6.333333333,NA,2462,NA,2462,NA,NA,NA,NA,,LD482_20,23.152,36.71,59.862,Yes,,,,1,5.24,4.82,5.34,5.133333333,1.52,1.5,1.51,1.51
LD490_20,60,1/1/2021,hot,ablated,Deli,0.291,251.52,646.936,199.68,366.0453333,0.713468,34.9599,22.0399,23.3015,1165.08,0.039999,19.33333333,NA,838,4604,2721,NA,NA,NA,NA,,LD490_20,24.117,36.264,60.381,Yes,,,,1,4.83,5.07,5.45,5.116666667,1.45,1.54,1.55,1.513333333
LD027_20,54,8/12/2020,cold,control,Deli,0.324,661.613,429.848,722.443,604.6346667,1.0958,130.4,0.279999,8.91364,1069.64,0.039999,11.66666667,2887,521,932,1446.666667,3724,1994,2376,2698,,LD027_20,25.34,36.999,62.339,Yes,,,,1,2.71,3.13,2.38,2.74,1.07,1.24,0.65,0.986666667
LD035_20,66,7/12/2020,cold,control,Deli,0.359,62.0564,321.274,45.4606,142.9303333,6.91998,499.639,1193.12,0.039999,NA,NA,14.66666667,2036,3493,802,2110.333333,5219,2806,2945,3656.666667,,LD035_20,26.035,35.531,61.566,Yes,,,,1,3.21,3.03,3.19,3.143333333,1.21,0.91,1.08,1.066666667
LD047_20,52,10/12/2020,cold,control,Deli,0.345,482.63,638.514,249.61,456.918,0.852306,77.5598,148.64,12.2008,1122.48,0.039999,11.66666667,4844,3540,3017,3800.333333,NA,NA,4049,4049,,LD047_20,25.286,NA,NA,Yes,tail tip is invisible,,,1,2.84,3.33,3.25,3.14,0.76,0.95,1,0.903333333
LD049_20,48,14/12/2020,cold,control,Deli,0.288,1582.96,640.813,861.285,1028.352667,0.80696,273.559,85.9198,2.72493,926.478,0.039999,9.333333333,3796,174,NA,1985,5023,NA,NA,5023,,LD049_20,23.907,36.375,60.282,Yes,,,,1,3.11,2.57,2.52,2.733333333,1.15,0.71,0.69,0.85
LD065_20,69,14/12/2020,cold,control,Deli,0.55,612.983,634.758,128.411,458.7173333,1.16141,98.7198,250.999,12.6214,1085.44,0.039999,10.33333333,798,4880,1987,2555,3266,2455,2589,2770,,LD065_20,NA,NA,NA,Yes,"no photo, probably with wrong ID (LD064)",,,1,3.84,2.94,4.49,3.756666667,1.27,0.79,1.49,1.183333333
LD076_20,55,18/12/2020,cold,control,Deli,0.311,980.76,788.581,927.053,898.798,158.76,46.2399,1023.16,0.039999,NA,NA,6.333333333,1017,1039,4253,2103,3492,4013,NA,3752.5,,LD076_20,26.254,39.122,65.376,Yes,,,,1,5.6,5.94,5.75,5.763333333,1.84,1.7,1.72,1.753333333
LD169_20,50,23/12/2020,cold,control,Deli,0.328,654.254,802.726,1029.81,828.93,1.00991,122.2,0.039999,8.90775,1077.84,0.679998,2.333333333,1646,2755,3707,2702.666667,3649,4968,5482,4699.666667,,LD169_20,24.75,34.177,58.927,Yes,,,,1,2.85,2.44,2.66,2.65,0.83,0.71,0.75,0.763333333
LD181_20,50,23/12/2020,cold,control,Deli,0.258,31.7252,201.996,173.007,135.5760667,NA,0,NA,1200.04,1200.04,0.039999,12,3267,6066,2146,3826.333333,3626,NA,2294,2960,,LD181_20,23.755,36.369,60.124,Yes,,,,1,2.98,2.62,2.49,2.696666667,0.97,0.86,0.75,0.86
LD185_20,64,28/12/2020,cold,control,Deli,0.296,1063.4,851.147,911.627,942.058,1.27561,209.199,4.39999,6.00508,990.838,0.039999,2.666666667,3671,NA,2511,3091,NA,NA,NA,NA,,LD185_20,23.516,31.79,55.306,Yes,,,,1,4.2,9.95,4.03,6.06,1.4,6.54,1.21,3.05
LD201_20,47,26/12/2020,cold,control,Deli,0.268,620.13,1010.92,912.871,847.9736667,137.72,338.719,1062.32,0.039999,NA,NA,7,NA,NA,1423,1423,NA,NA,2029,2029,,LD201_20,23.051,38.254,61.305,Yes,,,,1,2.65,3.04,4.65,3.446666667,0.82,0.92,2.97,1.57
LD209_20,38,24/12/2020,cold,control,Deli,0.255,315.902,486.965,930.684,577.8503333,0.85049,51.8799,4.27999,18.5187,1148.16,0.039999,22.33333333,799,3101,896,1598.666667,3902,3572,946,2806.666667,,LD209_20,22.109,36.438,58.547,Yes,,Second run; turn back several times,,1,2.49,10.11,3.16,5.253333333,0.83,5.58,1.38,2.596666667
LD238_20,50,23/12/2020,cold,control,Deli,0.24,567.284,884.971,886.48,779.5783333,1.26181,111.04,239.519,12.2359,1089,0.039999,8.666666667,3274,2800,1475,2516.333333,4642,1702,2156,2833.333333,,LD238_20,22.569,31.419,53.988,Yes,,,,1,3.12,2.63,2.5,2.75,1.06,0.73,0.73,0.84
LD269_20,55,28/12/2020,cold,control,Deli,0.383,1096.57,490.288,909.59,832.1493333,0.959678,239.919,23.5199,3.76142,944.118,0.039999,3.666666667,218,2550,829,1199,455,3783,2977,2405,,LD269_20,24.703,32.739,57.442,Yes,,,,1,3.73,5.82,7,5.516666667,1.1,2.01,2.41,1.84
LD283_20,54,29/12/2020,cold,control,Deli,0.295,657.937,546.744,664.541,623.074,114.04,7.15998,1086,0.039999,NA,NA,2,2135,4223,1534,2630.666667,3728,2225,3429,3127.333333,,LD283_20,22.994,34.573,57.567,Yes,,,,1,2.86,5.97,3.74,4.19,0.99,3.8,1.12,1.97
LD287_20,38,24/12/2020,cold,control,Deli,0.21,555.565,623.415,451.075,543.3516667,91.9198,28.2799,1108.12,0.039999,NA,NA,101,729,1594,1498,1273.666667,1452,4571,2332,2785,,LD287_20,20.72,31.569,52.289,Yes,,,,1,2.37,2.48,2.79,2.546666667,0.7,0.74,0.91,0.783333333
LD291_20,53,30/12/2020,cold,control,Deli,0.312,703.802,657.913,397.446,586.387,123.08,0.879997,1076.92,0.039999,NA,NA,15.33333333,1326,1220,1052,1199.333333,4740,1823,2274,2945.666667,*tip tail missing,LD291_20,24.936,35.737,60.673,No,stick to tape and drop ~2cm tail before sprint speed,,,1,5.98,3.24,4.04,4.42,1.67,0.91,1.22,1.266666667
LD342_20,35,27/12/2020,cold,control,Deli,0.248,430.245,1528.01,681.754,880.003,57.7999,17.84,1142.24,0.039999,NA,NA,NA,NA,NA,NA,NA,NA,NA,NA,NA,NA,LD342_20,23.881,33.619,57.5,Yes,,,,1,2.95,3.87,3.16,3.326666667,0.9,1.24,0.9,1.013333333
LD345_20,61,31/12/2020,cold,control,Deli,0.302,310.532,221.85,235.501,255.961,0.499709,34.4799,31.9199,16.6508,1165.56,0.039999,23,717,NA,2894,1805.5,1975,2506,4280,2920.333333,,LD345_20,23.633,31.347,54.98,Yes,,,,1,2.83,3.02,3.23,3.026666667,0.84,1.37,1.09,1.1
LD349_20,58,3/1/2021,cold,control,Deli,0.22,372.548,671.728,286.105,443.4603333,56.7999,6.99998,1143.24,0.039999,NA,NA,12,4511,1691,1137,2446.333333,NA,NA,2207,2207,,LD349_20,21.164,31.841,53.005,Yes,,,,1,3.43,2.68,2.63,2.913333333,1.04,0.79,0.69,0.84
LD396_20,54,7/1/2021,cold,control,Deli,0.279,1140.08,1103.01,498.125,913.7383333,176.32,78.5998,1023.72,0.039999,NA,NA,10.66666667,204,699,2454,1119,1005,2137,2581,1907.666667,,LD396_20,24.188,34.132,58.32,Yes,,,,1,3.42,3.34,2.65,3.136666667,0.99,1.11,0.75,0.95
LD416_20,43,9/1/2021,cold,control,Deli,0.252,1013.36,1054.55,632.398,900.1026667,145.04,90.7598,1053.2,0.039999,NA,NA,25,1352,4498,3833,3227.666667,1915,829,NA,1372,,LD416_20,23.622,29.731,53.353,Yes,,,,1,2.06,2.35,2.81,2.406666667,0.61,0.68,0.8,0.696666667
LD426_20,42,10/1/2021,cold,control,Deli,0.209,485.827,514.295,613.425,537.849,89.6398,332.759,1110.4,0.039999,NA,NA,24.66666667,NA,1926,2843,2384.5,NA,2937,3693,3315,,LD426_20,21.322,30.629,51.951,Yes,,,,1,4.53,3.1,3.44,3.69,2.34,0.89,1.37,1.533333333
LD064_20,86,27/11/2020,hot,control,Deli,0.472,645.86,399.318,622.611,555.9296667,1.17866,106.08,0.839997,11.847,1078.08,0.039999,8.333333333,3298,NA,1850,2574,4655,3902,2076,3544.333333,,LD064_20,25.883,NA,NA,Yes,has two photos,,,1,2.29,2.19,1.94,2.14,0.64,0.86,0.58,0.693333333
LD157_20,66,7/12/2020,hot,control,Deli,0.314,1081.55,927.621,1078.16,1029.110333,179.24,26.9599,1018,0.039999,NA,NA,3.666666667,NA,2154,850,1502,NA,NA,2299,2299,,LD157_20,24.832,33.64,58.472,Yes,,,,1,4.63,3.28,3.12,3.676666667,1.4,1.04,0.92,1.12
LD172_20,70,3/12/2020,hot,control,Deli,0.395,532.265,583.33,721.643,612.4126667,1.1647,98.9998,22.9599,12.9534,1101.04,0.039999,4.333333333,1460,807,NA,1133.5,2134,NA,NA,2134,,LD172_20,25.198,39.849,65.047,Yes,,,,1,2.68,3.28,3.57,3.176666667,0.92,1.1,1.22,1.08
LD192_20,38,24/12/2020,hot,control,Deli,0.278,412.39,814.509,497.617,574.8386667,78.5198,609.118,1121.52,0.039999,NA,NA,4,4784,1534,63,2127,NA,3395,3101,3248,,LD192_20,22.841,NA,NA,Yes,,,,1,3.43,7.07,7.22,5.906666667,1.35,2.06,2.2,1.87
LD200_20,67,6/12/2020,hot,control,Deli,0.331,838.521,752.411,832.52,807.8173333,159.96,0.279999,1040.08,0.039999,NA,NA,3,3369,3460,NA,3414.5,3448,3073,NA,3260.5,,LD200_20,25.999,NA,NA,Yes,tail tip is invisible,,,1,3.22,5.13,4.09,4.146666667,1.04,1.43,1.44,1.303333333
LD204_20,56,6/12/2020,hot,control,Deli,0.316,783.356,745.486,513.59,680.8106667,1.4064,140.64,46.8399,10.4891,1059.4,0.039999,8.333333333,2051,NA,2006,2028.5,3723,4405,3776,3968,,LD204_20,25.541,29.456,54.997,Yes,,,,1,17.72,14.43,5.99,12.71333333,7.14,5.64,1.61,4.796666667
LD228_20,67,6/12/2020,hot,control,Deli,0.334,328.726,667.368,721.355,572.483,51.7199,429.719,1148.32,0.039999,NA,NA,13,NA,NA,NA,NA,NA,NA,NA,NA,,LD228_20,25.13,36.875,62.005,Yes,,,,1,2.42,14.34,3,6.586666667,0.75,12.18,0.99,4.64
LD237_20,56,7/12/2020,hot,control,Deli,0.374,732.996,931.813,844.186,836.3316667,130.88,22.4799,1069.12,0.039999,NA,NA,14,NA,452,NA,452,NA,NA,NA,NA,,LD237_20,25.094,38.84,63.934,Yes,weight and photo on Mon,,,1,4.53,3.8,3.97,4.1,1.78,1.11,1.28,1.39
LD263_20,50,12/12/2020,hot,control,Deli,0.394,422.47,818.547,990.328,743.7816667,73.4798,0.039999,1126.56,0.159999,NA,NA,NA,NA,NA,NA,NA,NA,NA,NA,NA,NA,LD263_20,27.002,42.175,69.177,Yes,,,,1,3.16,4.06,4.49,3.903333333,0.95,1.61,1.37,1.31
LD280_20,62,11/12/2020,hot,control,Deli,0.277,556.201,497.868,628.87,560.9796667,103.84,94.3198,1096.2,0.039999,NA,NA,5.666666667,4100,2587,1243,2643.333333,5503,NA,1868,3685.5,,LD280_20,23.846,36.798,60.644,Yes,,,,1,3.27,3.7,3.87,3.613333333,1.15,1.15,1.4,1.233333333
LD290_20,54,8/12/2020,hot,control,Deli,0.362,369.22,1410.84,707.942,829.334,64.9198,637.878,1134.64,0.039999,NA,NA,191.6666667,2084,5156,1365,2868.333333,5270,NA,2870,4070,,LD290_20,26.745,35.738,62.483,Yes,,,,1,3.33,3.34,3.81,3.493333333,1.07,1.19,1.36,1.206666667
LD294_20,61,12/12/2020,hot,control,Deli,0.416,529.417,1095.55,903.692,842.8863333,1.08369,70.4398,131.88,17.0697,1126.6,0.039999,10.33333333,1012,990,698,900,2604,4238,945,2595.666667,,LD294_20,26.394,40.788,67.182,Yes,,,,1,4.82,2.84,3.59,3.75,1.8,0.89,0.98,1.223333333
LD332_20,68,15/12/2020,hot,control,Deli,0.351,1056.6,936.127,955.304,982.677,1.78088,160.28,265.919,11.2527,1024,0.039999,33,1421,899,573,964.3333333,NA,NA,3959,3959,,LD332_20,25.365,NA,NA,Yes,,,,1,6.27,3.47,4.33,4.69,1.83,1.06,1.44,1.443333333
LD336_20,78,14/12/2020,hot,control,Deli,0.327,258.386,175.198,91.8333,175.1391,36.7599,442.679,1163.28,0.039999,NA,NA,54.33333333,1738,1738,NA,1738,3179,NA,NA,3179,,LD336_20,21.897,NA,NA,Yes,,,,1,4.49,4.7,3.86,4.35,1.39,1.44,1.13,1.32
LD353_20,75,17/12/2020,hot,control,Deli,0.398,477.577,460.527,1119.82,685.9746667,1.1245,79.8398,301.039,15.5583,1120.2,0.039999,7.333333333,1515,629,1310,1151.333333,2185,1892,1872,1983,,LD353_20,24.029,NA,NA,Yes,,,,1,2.21,2.15,2.21,2.19,0.7,0.65,0.71,0.686666667
LD419_20,35,27/12/2020,hot,control,Deli,0.196,761.624,381.827,681.459,608.3033333,144.24,33.9599,1055.8,0.039999,NA,NA,12.66666667,NA,1152,NA,1152,NA,NA,NA,NA,,LD419_20,21.269,27.942,49.211,Yes,,,,1,3.54,4.11,6.49,4.713333333,1.3,1.34,2.94,1.86
LD432_20,55,28/12/2020,hot,control,Deli,0.33,1070.78,211.338,664.865,648.9943333,178.76,0.039999,1021.28,2.19999,NA,NA,79,NA,443,NA,443,NA,NA,NA,NA,,LD432_20,23.24,34.173,57.413,Yes,,,,1,3.64,2.92,2.36,2.973333333,1.22,0.86,0.68,0.92
LD469_20,49,3/1/2021,hot,control,Deli,0.208,588.906,886.048,848.604,774.5193333,113.72,2.03999,1086.32,0.039999,NA,NA,4,5831,886,NA,3358.5,NA,NA,NA,NA,,LD469_20,20.377,27.697,48.074,Yes,,,,1,6.59,6.88,7.02,6.83,2.32,2.47,2.3,2.363333333
LD493_20,45,7/1/2021,hot,control,Deli,0.228,404.664,238.079,711.105,451.2826667,70.0798,191.48,1125.92,0.039999,NA,NA,6,985,NA,639,812,997,367,712,692,,LD493_20,20.539,31.12,51.659,Yes,,,,1,2.61,9.28,2.91,4.933333333,0.93,6.16,0.88,2.656666667
LD496_20,54,29/12/2020,hot,control,Deli,0.335,321.303,435.208,518.938,425.1496667,0.814398,61.0798,469.279,14.7826,1123.48,0.039999,3.333333333,3104,NA,2764,2934,3728,NA,3718,3723,,LD496_20,NA,NA,NA,Yes,no photo,,,1,2.67,7.31,4.52,4.833333333,1.01,4.41,1.42,2.28
LD503_20,56,5/1/2021,hot,control,Deli,0.301,778.569,1199.22,1082.36,1020.049667,1.6752,125.64,61.7998,14.1368,1074.4,0.039999,2,3851,NA,1431,2641,NA,NA,NA,NA,,LD503_20,24.616,32.74,57.356,Yes,,,,1,4.06,4.7,9.05,5.936666667,1.11,1.34,3.49,1.98
LD532_20,57,4/1/2021,hot,control,Deli,0.28,90.6654,139.535,194.128,141.4428,2.47999,1172.72,1197.56,0.039999,NA,NA,10.33333333,4405,NA,2666,3535.5,NA,NA,4359,4359,,LD532_20,24.072,36.011,60.083,Yes,,,,1,2.98,3,2.49,2.823333333,0.85,0.85,0.83,0.843333333
LG053_20,49,13/12/2020,cold,ablated,Guich,0.379,760.213,573.576,743.343,692.3773333,0.702511,139.8,84.5598,5.32783,1060.24,0.039999,3.333333333,2218,NA,1131,1674.5,NA,3920,3535,3727.5,,LG053_20,NA,NA,NA,Yes,too blurred to set scale,,,1,4.69,2.72,4.05,3.82,1.86,0.95,1.72,1.51
LG056_20,46,16/12/2020,cold,ablated,Guich,0.401,488.732,684.143,1011.75,728.2083333,94.7998,348.199,1105.24,0.039999,NA,NA,23.66666667,6778,376,4597,3917,NA,NA,5132,5132,,LG056_20,24.392,37.651,62.043,Yes,,,,1,5.64,6.11,11.55,7.766666667,2.15,1.89,3.21,2.416666667
LG088_20,62,21/12/2020,cold,ablated,Guich,0.374,776.988,541.1,745.028,687.7053333,136.12,25.1599,1063.92,0.039999,NA,NA,40,328,2271,145,914.6666667,577,719,646,647.3333333,,LG088_20,NA,NA,NA,Yes,cannot see cloaca,V2.4 wrong,,1,3.39,3.81,3.25,3.483333333,0.96,1.21,1.32,1.163333333
LG100_20,52,21/12/2020,cold,ablated,Guich,0.388,1121.23,1018.67,1765.7,1301.866667,164.8,18.4,1035.24,0.039999,NA,NA,24,375,4476,190,1680.333333,655,522,476,551,,LG100_20,27.365,39.322,66.687,Yes,wrong V1.1,,,1,2.25,2.64,2.07,2.32,1.2,0.85,0.63,0.893333333
LG104_20,60,23/12/2020,cold,ablated,Guich,0.545,19.3447,48.0145,901.169,322.8427333,0,NA,1200.04,0.039999,NA,NA,9.666666667,2308,429,1143,1293.333333,5091,1019,4889,3666.333333,,LG104_20,26.245,41.193,67.438,Yes,,,,1,4.04,4.7,5.14,4.626666667,1.36,1.71,1.83,1.633333333
LG109_20,50,23/12/2020,cold,ablated,Guich,0.333,771.012,1158.01,1648.01,1192.344,0.97387,168.48,25.5599,5.92849,1031.56,0.039999,15.66666667,1092,1375,1000,1155.666667,1094,1003,1418,1171.666667,,LG109_20,23.241,35.779,59.02,Yes,,,,1,2.77,2.47,3.75,2.996666667,1.23,0.85,1.31,1.13
LG111_20,52,21/12/2020,cold,ablated,Guich,0.342,2083.31,1764.27,1772.71,1873.43,1.37842,296.359,17.52,4.20315,903.678,0.039999,63.33333333,483,197,271,317,684,1526,643,951,,LG111_20,25.947,37.045,62.992,Yes,,,,1,4.68,4.18,5.35,4.736666667,1.93,1.7,1.55,1.726666667
LG112_20,50,23/12/2020,cold,ablated,Guich,0.355,847.639,139.023,773.12,586.594,155.36,6.11998,1044.68,0.039999,NA,NA,14.33333333,NA,1844,27,935.5,NA,740,587,663.5,,LG112_20,25.916,39.144,65.06,Yes,,,,1,2.99,4.01,3.42,3.473333333,1.18,1.5,1.23,1.303333333
LG121_20,59,3/12/2020,cold,ablated,Guich,0.422,220.285,645.345,417.782,427.804,36.1999,469.879,1163.84,0.039999,NA,NA,33,927,49,1064,680,1902,2835,2832,2523,,LG121_20,24.419,34.841,59.26,Yes,,,,1,3.51,4.01,2.94,3.486666667,1.21,1.6,0.85,1.22
LG141_20,38,24/12/2020,cold,ablated,Guich,0.468,1185.84,1271.52,1393.79,1283.716667,0.606649,248.119,2.91999,2.32175,951.918,0.039999,14.66666667,181,127,199,169,NA,NA,1922,1922,,LG141_20,26.249,41.329,67.578,Yes,,,,1,4.96,5.52,4.67,5.05,2.14,1.77,1.74,1.883333333
LG142_20,57,26/12/2020,cold,ablated,Guich,0.346,493.414,284.865,424.755,401.0113333,0.981998,98.1998,231.159,10.756,1086.36,0.039999,40.66666667,2420,303,889,1204,4541,3378,2459,3459.333333,,LG142_20,25.001,NA,NA,Yes,,,,1,4.04,3.96,3.16,3.72,1.59,1.2,1.51,1.433333333
LG147_20,54,29/12/2020,cold,ablated,Guich,0.416,301.022,742.369,1259.27,767.5536667,0.956979,50.7199,2.91999,20.997,1133.84,0.039999,2.666666667,2496,NA,358,1427,2825,2268,1057,2050,,LG147_20,NA,NA,NA,Yes,no photo,,,1,4.42,3.43,4.25,4.033333333,1.76,1.44,1.54,1.58
LG160_20,38,24/12/2020,cold,ablated,Guich,0.476,475.002,675.094,809.354,653.15,95.5998,156.96,1104.44,0.039999,NA,NA,7,629,446,8,361,1403,474,335,737.3333333,,LG160_20,28.591,39.573,68.164,Yes,,,,1,9.99,5.37,11.51,8.956666667,5.79,1.63,4.48,3.966666667
LG174_20,36,26/12/2020,cold,ablated,Guich,0.367,668.384,688.869,866.166,741.1396667,108.12,30.4399,1091.92,0.039999,NA,NA,27.33333333,170,474,408,350.6666667,563,3410,499,1490.666667,tip tail missing,LG174_20,24.941,NA,NA,No,drop 1cm tail before measurement,,,1,3.48,3.48,5.01,3.99,0.89,1,1.58,1.156666667
LG197_20,44,29/12/2020,cold,ablated,Guich,0.254,149.931,654.911,1463.03,755.9573333,1.25176,21.2799,77.4398,65.4865,1178.76,0.039999,6.666666667,1611,692,3586,1963,3314,NA,4073,3693.5,,LG197_20,24.01,32.081,56.091,Yes,,,,1,10.85,3.43,2.68,5.653333333,7.1,1.01,0.85,2.986666667
LG213_20,43,30/12/2020,cold,ablated,Guich,0.278,762.912,552.99,779.655,698.519,155.64,354.519,1044.4,0.039999,NA,NA,70,581,1410,13,668,805,425,613,614.3333333,,LG213_20,22.356,31.747,54.103,Yes,,,,1,4.18,3.72,3.63,3.843333333,1.61,1.16,1.29,1.353333333
LG222_20,65,27/12/2020,cold,ablated,Guich,0.431,529.531,676.192,1336.11,847.2776667,1.19384,108.64,364.239,11.863,1091.4,0.039999,28.66666667,2428,88,93,869.6666667,4648,3213,394,2751.666667,,LG222_20,27.374,38.701,66.075,Yes,has two photos,,,1,26.64,3.8,3.59,11.34333333,22.39,1.61,1.33,8.443333333
LG231_20,54,29/12/2020,cold,ablated,Guich,0.302,813.164,1038.99,986.894,946.3493333,0.865927,172.32,112.84,5.05919,1011.84,0.039999,25,NA,591,282,436.5,NA,431,NA,431,,LG231_20,22.947,32.477,55.424,Yes,,,,1,3.6,3.58,4.7,3.96,1.33,1.29,1.34,1.32
LG234_20,62,30/12/2020,cold,ablated,Guich,0.351,1271.07,1579.86,1603.43,1484.786667,1.46367,215.159,0.519998,6.65458,984.878,0.039999,2.5,169,NA,203,186,986,NA,1218,1102,,LG234_20,23.754,35.988,59.742,Yes,,,,1,16.86,12.05,2.54,10.48333333,8.78,8.57,0.9,6.083333333
LG307_20,49,3/1/2021,cold,ablated,Guich,0.257,1043.6,1097.3,760.811,967.237,180.04,0.519998,1019.2,0.039999,NA,NA,32.66666667,121,351,580,350.6666667,348,1317,1049,904.6666667,,LG307_20,23.207,31.873,55.08,Yes,,,,1,4.7,4.82,3.98,4.5,1.46,1.63,1.14,1.41
LG314_20,58,3/1/2021,cold,ablated,Guich,0.197,1107.08,1179.02,35.9038,774.0012667,217.359,211.359,982.678,0.039999,NA,NA,25,852,806,NA,829,1076,1227,NA,1151.5,,LG314_20,21.076,27.99,49.066,Yes,,,,1,4.51,5.91,4.77,5.063333333,1.84,2.6,1.68,2.04
LG341_20,58,3/1/2021,cold,ablated,Guich,0.241,829.029,1029.05,1305.69,1054.589667,139.36,35.5199,1060.68,0.039999,NA,NA,9,364,303,34,233.6666667,1065,454,117,545.3333333,,LG341_20,22.511,30.771,53.282,Yes,,,,1,9.75,20.34,27,19.03,3.17,6.13,11,6.766666667
LG067_20,65,27/11/2020,hot,ablated,Guich,0.564,703.317,300.48,325.124,442.9736667,120.44,7.27998,1075.6,0.039999,NA,NA,3.333333333,2770,31,702,1167.666667,3975,4211,1016,3067.333333,,LG067_20,27.499,42.231,69.73,Yes,,,,1,6.15,5.16,4.25,5.186666667,3.22,1.62,1.53,2.123333333
LG087_20,72,1/12/2020,hot,ablated,Guich,0.532,559.72,382.67,363.609,435.333,94.5998,55.6399,1105.44,0.039999,NA,NA,3.333333333,51,3789,547,1462.333333,83,2413,5234,2576.666667,,LG087_20,31.193,46.487,77.68,Yes,,,,1,2.94,3.85,2.9,3.23,1.17,1.76,1.15,1.36
LG097_20,60,2/12/2020,hot,ablated,Guich,0.457,687.238,769.358,739.742,732.1126667,132.88,0.239999,1067.16,0.039999,NA,NA,6.666666667,610,189,362,387,2981,3253,902,2378.666667,,LG097_20,26.372,43.668,70.04,Yes,,,,1,4.44,4.6,5.02,4.686666667,1.58,1.3,1.36,1.413333333
LG122_20,58,4/12/2020,hot,ablated,Guich,0.346,612.406,1433.08,1036.87,1027.452,101.32,27.0399,1098.72,0.039999,NA,NA,24.66666667,393,28,795,405.3333333,1019,1797,908,1241.333333,,LG122_20,25.821,36.934,62.755,Yes,,,,1,3.5,2.93,3.4,3.276666667,1.13,0.81,1.01,0.983333333
LG144_20,59,3/12/2020,hot,ablated,Guich,0.453,1154.82,1664.26,2055.46,1624.846667,196.839,0.039999,1003.2,0.119999,NA,NA,73.66666667,1331,1174,30,845,1413,1087,86,862,,LG144_20,27.927,40.804,68.731,Yes,,,,1,3,3.21,4.4,3.536666667,1.01,1.04,2.14,1.396666667
LG148_20,67,6/12/2020,hot,ablated,Guich,0.439,1026.16,782.722,695.148,834.6766667,187.4,75.1998,1012.64,0.039999,NA,NA,6.333333333,1246,264,295,601.6666667,2970,746,1010,1575.333333,,LG148_20,28.577,39.293,67.87,Yes,,,,1,5.23,4.57,3.12,4.306666667,1.58,1.26,1,1.28
LG220_20,74,9/12/2020,hot,ablated,Guich,0.56,470.718,932.61,991.895,798.4076667,76.9198,85.3198,1123.12,0.039999,NA,NA,16,NA,NA,NA,NA,NA,782,NA,782,,LG220_20,30.116,49.127,79.243,Yes,,,,1,2.54,3.07,3.21,2.94,0.75,1.14,1.07,0.986666667
LG274_20,80,12/12/2020,hot,ablated,Guich,0.585,863.331,748.798,649.306,753.8116667,123.72,187.2,1076.32,0.039999,NA,NA,3.333333333,1004,1206,593,934.3333333,1343,NA,2905,2124,,LG274_20,29.628,44.241,73.869,Yes,,,,1,2.55,3.2,2.81,2.853333333,0.91,0.97,1.01,0.963333333
LG276_20,81,11/12/2020,hot,ablated,Guich,0.49,39.5311,817.229,1065.53,640.7633667,0.26,1.04,154.12,239.799,1199,0.039999,12.33333333,721,NA,40,380.5,2688,NA,663,1675.5,,LG276_20,29.512,NA,NA,Yes,,,,1,3.3,2.41,5.19,3.633333333,1.57,0.79,2.43,1.596666667
LG296_20,58,15/12/2020,hot,ablated,Guich,0.345,532.549,976.789,1024.58,844.6393333,1.26356,92.2398,478.479,14.9702,1107.8,0.039999,17.66666667,37,2173,70,760,1412,709,70,730.3333333,,LG296_20,25.041,NA,NA,Yes,tail tip is invisible,,,1,6.27,7.71,6.83,6.936666667,2.63,2.29,2.09,2.336666667
LG304_20,61,12/12/2020,hot,ablated,Guich,0.418,1567.02,1831.65,1244.62,1547.763333,1.52236,309.039,50.3599,4.38915,890.998,0.039999,77,814,780,213,602.3333333,1332,352,NA,842,,LG304_20,25.249,NA,NA,Yes,tail tip is invisible,,,1,3.18,3.02,3.29,3.163333333,0.87,0.82,1.05,0.913333333
LG315_20,58,15/12/2020,hot,ablated,Guich,0.293,NA,NA,NA,NA,NA,NA,NA,NA,NA,NA,5,1106,299,467,624,2043,1531,3635,2403,,LG315_20,24.262,36.55,60.812,Yes,,,,1,25.03,40.9,28.8,31.57666667,10.32,14,10,11.44
LG316_20,73,19/12/2020,hot,ablated,Guich,0.516,20.53,835.222,1298.71,718.154,NA,0,NA,1200.04,1200.04,0.039999,1.333333333,845,97,1228,723.3333333,1554,NA,3429,2491.5,,LG316_20,26.215,NA,NA,Yes,recorded as LG319,,,1,5.7,4.21,3.69,4.533333333,1.84,1.43,1.03,1.433333333
LG320_20,43,19/12/2020,hot,ablated,Guich,0.402,906.354,403.348,633.317,647.673,1.04312,147.08,31.5999,7.41519,1052.96,0.039999,4.333333333,1320,1049,297,888.6666667,2868,NA,1109,1988.5,,LG320_20,26.675,42.074,68.749,Yes,,,,1,4.23,4.54,4.85,4.54,2.26,1.42,1.52,1.733333333
LG324_20,44,18/12/2020,hot,ablated,Guich,0.393,689.774,536.52,1377.68,867.9913333,1.04505,99.2797,71.6398,11.4662,1100.76,0.039999,7.333333333,3608,497,2796,2300.333333,4273,4032,3259,3854.666667,,LG324_20,26.835,NA,NA,Yes,tail tip is invisible,,,1,4.4,3.64,4.05,4.03,1.58,1.15,1.75,1.493333333
LG368_20,65,18/12/2020,hot,ablated,Guich,0.395,751.461,627.567,999.933,792.987,119.96,148.56,1079.44,0.039999,NA,NA,26.33333333,1377,1273,3112,1920.666667,NA,527,3122,1824.5,,LG368_20,26.057,39.706,65.763,Yes,,,,1,3.63,4.96,4.24,4.276666667,1.09,1.71,1.44,1.413333333
LG414_20,59,24/12/2020,hot,ablated,Guich,0.515,917.41,862.39,768.666,849.4886667,117.2,91.3598,1082.84,0.039999,NA,NA,9,138,1433,NA,785.5,1306,311,NA,808.5,,LG414_20,27.309,45.761,73.07,Yes,,,,1,3.25,4.95,3.35,3.85,0.84,1.81,1.18,1.276666667
LG450_20,53,30/12/2020,hot,ablated,Guich,0.329,439.791,590.828,545.269,525.296,75.1198,203.519,1124.92,0.039999,NA,NA,7.666666667,NA,219,NA,219,NA,NA,NA,NA,,LG450_20,27.811,39.267,67.078,Yes,,,,1,4.07,3.83,3.25,3.716666667,1.23,1.21,1.14,1.193333333
LG455_20,42,31/12/2020,hot,ablated,Guich,0.281,925.256,631.986,622.63,726.624,169.84,1.44,1030.12,0.039999,NA,NA,8.333333333,280,NA,372,326,2618,1663,851,1710.666667,,LG455_20,24.615,36.159,60.774,Yes,,,,1,3.58,3.63,3.06,3.423333333,1.16,1.24,1.04,1.146666667
LG457_20,61,31/12/2020,hot,ablated,Guich,0.374,383.424,132.02,855.104,456.8493333,1.228,61.3998,620.238,22.3262,1138.64,0.039999,2,521,495,135,383.6666667,3417,515,3463,2465,,LG457_20,26.456,34.221,60.677,Yes,,,,1,7.19,5.86,12.17,8.406666667,2.29,2.69,4.76,3.246666667
LG467_20,50,2/1/2021,hot,ablated,Guich,0.329,968.543,422.653,785.618,725.6046667,180.6,0.039999,1019.44,2.83999,NA,NA,3.333333333,3493,859,299,1550.333333,3750,715,573,1679.333333,,LG467_20,23.438,NA,NA,Yes,,,,1,7.52,13.7,6.73,9.316666667,4.25,9.33,2.28,5.286666667
LG548_20,42,10/1/2021,hot,ablated,Guich,0.245,721.101,821.626,1384.18,975.6356667,131.4,14.04,1068.64,0.039999,NA,NA,7.333333333,187,134,190,170.3333333,1227,224,257,569.3333333,,LG548_20,22.241,33.678,55.919,Yes,,,,1,6,4.81,4.74,5.183333333,3.26,1.8,2.15,2.403333333
LG029_20,54,8/12/2020,cold,control,Guich,0.387,1188.94,661.263,1775.3,1208.501,1.17286,233.399,90.9198,4.83319,966.638,0.039999,8.5,1263,NA,NA,1263,1542,1982,NA,1762,,LG029_20,27.189,NA,NA,Yes,tail tip is invisible,,,1,2.03,2.57,2.83,2.476666667,0.85,0.95,0.93,0.91
LG032_20,51,11/12/2020,cold,control,Guich,0.397,1066.76,848.427,726.237,880.4746667,174.88,24.8399,1025.16,0.039999,NA,NA,5.666666667,28,222,18,89.33333333,1390,2374,749,1504.333333,,LG032_20,27.205,NA,NA,Yes,,,,1,4.31,4.51,9.35,6.056666667,1.47,1.35,4.13,2.316666667
LG039_20,53,9/12/2020,cold,control,Guich,0.376,318.4,1401.58,1103.15,941.0433333,40.0399,491.439,1160,0.039999,NA,NA,127.3333333,86,5794,648,2176,1542,1565,869,1325.333333,,LG039_20,28.52,NA,NA,Yes,tail tip is invisible,,,1,4.91,7.55,6.34,6.266666667,1.78,2.13,2.13,2.013333333
LG069_20,45,17/12/2020,cold,control,Guich,0.327,1141.63,171.327,559.346,624.101,219.879,0.919997,980.158,0.039999,NA,NA,42,401,790,236,475.6666667,650,284,598,510.6666667,,LG069_20,24.957,38.847,63.804,Yes,,,,1,3.42,2.91,2.93,3.086666667,1.12,0.95,1.17,1.08
LG084_20,67,25/12/2020,cold,control,Guich,0.469,319.942,1512.84,863.049,898.6103333,0.608315,61.4398,454.879,11.1627,1138.6,0.039999,10.66666667,3860,985,938,1927.666667,NA,NA,1454,1454,,LG084_20,NA,NA,NA,Yes,"no photo, probably with wrong ID",,,1,2.72,3.1,4.17,3.33,0.73,0.95,1.46,1.046666667
LG089_20,41,21/12/2020,cold,control,Guich,0.416,2996.82,1618.09,1309.1,1974.67,405.639,9.23998,794.398,0.039999,NA,NA,45.66666667,153,1138,127,472.6666667,282,1363,1613,1086,,LG089_20,27.481,41.226,68.707,Yes,,,second run,1,5.46,6.91,5.17,5.846666667,1.88,2.92,2.31,2.37
LG102_20,40,22/12/2020,cold,control,Guich,0.359,777.254,795.676,740.609,771.1796667,0.875252,154.92,86.8798,5.87145,1045.12,0.039999,4.333333333,3442,8,1464,1638,7818,3779,NA,5798.5,,LG102_20,23.94,35.209,59.149,Yes,,,,1,9.33,9.44,11.17,9.98,4.73,2.78,4.07,3.86
LG113_20,53,20/12/2020,cold,control,Guich,0.313,1242.36,2082.29,1572.88,1632.51,236.759,116.88,963.278,0.039999,NA,NA,58,205,840,994,679.6666667,1174,449,1220,947.6666667,,LG113_20,25.495,37.362,62.857,Yes,,,,1,2.37,3.01,3.54,2.973333333,0.75,1.1,1.51,1.12
LG118_20,51,22/12/2020,cold,control,Guich,0.306,27.0626,481.029,600.796,369.6292,NA,0,NA,1200.04,1200.04,0.039999,4.666666667,1255,1000,216,823.6666667,2638,382,1100,1373.333333,,LG118_20,23.163,32.574,55.737,Yes,,,,1,4.24,5.21,4.44,4.63,1.45,2.18,1.41,1.68
LG150_20,44,29/12/2020,cold,control,Guich,0.326,787.871,823.147,719.752,776.9233333,150.88,76.3198,1049.16,0.039999,NA,NA,3.333333333,1633,695,2135,1487.666667,NA,NA,NA,NA,,LG150_20,24.868,33.603,58.471,Yes,,,,1,10.63,13.3,16.29,13.40666667,4.05,3.83,5.73,4.536666667
LG225_20,44,29/12/2020,cold,control,Guich,0.267,643.652,589.623,984.173,739.1493333,97.0398,214.759,1102.96,0.039999,NA,NA,36.66666667,842,85,575,500.6666667,875,NA,721,798,,LG225_20,23.143,34.289,57.432,Yes,,,,1,3.63,3.38,5.12,4.043333333,1.04,1,1.49,1.176666667
LG230_20,53,30/12/2020,cold,control,Guich,0.321,644.745,903.274,612.51,720.1763333,1.2567,114.36,48.8399,11.7538,1069.6,0.039999,33.33333333,298,23,274,198.3333333,3727,1718,1396,2280.333333,,LG230_20,25.059,34.191,59.25,Yes,,,,1,4.54,2.42,2.65,3.203333333,1.69,0.76,0.85,1.1
LG233_20,43,30/12/2020,cold,control,Guich,0.369,238.46,313.714,1061.61,537.928,38.5599,431.519,1161.48,0.039999,NA,NA,24.33333333,226,2522,1696,1481.333333,953,1932,3717,2200.666667,,LG233_20,24.89,38.769,63.659,Yes,,,,1,28.16,2.9,3.06,11.37333333,25.67,0.93,0.93,9.176666667
LG247_20,42,31/12/2020,cold,control,Guich,0.294,265.35,562.763,362.013,396.7086667,0.938773,45.9999,334.839,23.0807,1154.04,0.039999,25,2151,269,556,992,3659,NA,NA,3659,,LG247_20,25.007,NA,NA,Yes,tail tip is invisible,,,1,5.28,5.28,8.87,6.476666667,1.57,1.88,3.03,2.16
LG252_20,60,1/1/2021,cold,control,Guich,0.381,389.064,462.524,502.301,451.2963333,0.830242,68.0798,476.639,13.638,1131.96,0.039999,13.33333333,2283,508,5169,2653.333333,NA,NA,NA,NA,,LG252_20,25.449,38.531,63.98,Yes,,,,1,6.05,18.42,20.78,15.08333333,1.65,6.07,6.31,4.676666667
LG305_20,49,3/1/2021,cold,control,Guich,0.23,638.678,491.232,847.959,659.2896667,130.68,12.76,1069.36,0.039999,NA,NA,3.333333333,792,149,28,323,1466,380,71,639,,LG305_20,22.188,30.59,52.778,Yes,,,,1,5.06,4.74,5.47,5.09,1.37,1.48,1.54,1.463333333
LG317_20,45,7/1/2021,cold,control,Guich,0.339,603.035,982.04,834.543,806.5393333,94.7998,212.759,1105.24,0.039999,NA,NA,11.33333333,2142,1288,25,1151.666667,NA,1020,149,584.5,,LG317_20,24.469,36.589,61.058,Yes,,,,1,4.51,3.62,4.15,4.093333333,1.73,1.53,1.59,1.616666667
LG321_20,45,7/1/2021,cold,control,Guich,0.245,975.738,1031.07,931.142,979.3166667,178.76,27.7999,1021.28,0.039999,NA,NA,10,36,815,109,320,808,403,126,445.6666667,,LG321_20,22.872,31.149,54.021,Yes,,,,1,4.91,3.81,5.41,4.71,1.99,1.05,1.59,1.543333333
LG325_20,46,6/1/2021,cold,control,Guich,0.299,739.863,551.449,717.918,669.7433333,136.24,212.919,1063.8,0.039999,NA,NA,15.66666667,NA,157,536,346.5,NA,1394,2626,2010,,LG325_20,23.306,36.422,59.728,Yes,,,,1,1.97,2.87,2.86,2.566666667,0.59,0.91,0.8,0.766666667
LG366_20,53,8/1/2021,cold,control,Guich,0.324,67.8987,165.638,417.033,216.8565667,7.03998,28.0399,1193,0.039999,NA,NA,8,43,26,358,142.3333333,2505,2095,1749,2116.333333,,LG366_20,25.207,34.376,59.583,Yes,,,,1,3.87,4.05,4.34,4.086666667,1.16,1.23,1.36,1.25
LG377_20,53,8/1/2021,cold,control,Guich,0.35,570.178,439.598,531.238,513.6713333,0.673824,100.4,4.11999,7.33092,1099.64,0.039999,17.66666667,NA,2187,2097,2142,NA,NA,3415,3415,,LG377_20,25.643,NA,NA,Yes,,,,1,6.36,6.98,12.73,8.69,2.06,1.88,5.18,3.04
LG413_20,43,9/1/2021,cold,control,Guich,0.299,532.941,500.229,508.9,514.0233333,83.3198,188.92,1116.72,0.039999,NA,NA,8,577,203,12,264,NA,1383,150,766.5,,LG413_20,23.326,NA,NA,Yes,part of tail is invisible,,,1,7.51,7.01,6.31,6.943333333,2.75,3.03,1.84,2.54
LG055_20,87,26/11/2020,hot,control,Guich,0.575,NA,NA,NA,NA,NA,NA,NA,NA,NA,NA,16.33333333,937,2501,673,1370.333333,NA,NA,3653,3653,,LG055_20,29.692,45.963,75.655,No,stick to tape before sprint speed,,,1,3.78,3.77,7.73,5.093333333,1.27,1.32,2.78,1.79
LG068_20,65,27/11/2020,hot,control,Guich,0.479,470.395,434.551,696.964,533.97,70.6398,10.64,1129.4,0.039999,NA,NA,1,1196,741,466,801,1378,1693,1034,1368.333333,,LG068_20,29.281,39.712,68.993,Yes,,,,1,2.64,2.65,3.17,2.82,0.96,0.87,1.38,1.07
LG101_20,61,1/12/2020,hot,control,Guich,0.461,639.421,420.734,801.423,620.526,0.943791,109.48,190.08,9.321,1090.56,0.039999,138,664,333,1937,978,4007,NA,NA,4007,,LG101_20,29.664,42.346,72.01,Yes,,,,1,2.18,2.04,2.39,2.203333333,0.74,0.7,0.91,0.783333333
LG135_20,67,6/12/2020,hot,control,Guich,0.529,688.907,593.275,661.918,648.0333333,120.56,0.279999,1079.48,0.039999,NA,NA,78.66666667,NA,497,104,300.5,NA,NA,1463,1463,,LG135_20,28.481,NA,NA,Yes,tail tip is invisible,,,1,5.94,4.16,3.08,4.393333333,3.48,1.58,1.13,2.063333333
LG145_20,67,6/12/2020,hot,control,Guich,0.393,832.478,1076.58,1099.34,1002.799333,167.08,30.4799,1031.08,0.039999,NA,NA,6,5704,256,14,1991.333333,NA,NA,148,148,,LG145_20,27.189,37.898,65.087,Yes,,,,1,2.84,5.05,5.31,4.4,0.93,1.46,2.67,1.686666667
LG149_20,55,7/12/2020,hot,control,Guich,0.441,648.837,493.048,1002.34,714.7416667,106.92,12.64,1088.52,0.039999,NA,NA,1.666666667,1423,1122,1503,1349.333333,1512,1783,1522,1605.666667,,LG149_20,29.464,36.962,66.426,Yes,V1.2 wrong,,,1,4.07,3.56,3.83,3.82,2.07,1.29,1.47,1.61
LG159_20,85,7/12/2020,hot,control,Guich,0.59,271.166,938.842,716.695,642.2343333,33.1199,964.918,1166.92,0.039999,NA,NA,33,1838,5812,58,2569.333333,2995,1121,1293,1803,,LG159_20,28.258,49.537,77.795,Yes,,,,1,4.78,4.13,9,5.97,1.56,1.43,4.03,2.34
LG176_20,77,6/12/2020,hot,control,Guich,0.626,444.999,222.555,603.834,423.796,0.884299,82.2398,285.079,11.7212,1101.8,0.039999,8.666666667,1596,1526,3068,2063.333333,2680,NA,NA,2680,,LG176_20,30.107,50.163,80.27,Yes,,,,1,6.83,4.61,5.66,5.7,5.53,1.55,2.31,3.13
LG195_20,75,8/12/2020,hot,control,Guich,0.469,532.828,592.744,369.508,498.36,1.05253,70.5198,30.4799,16.3788,1113.76,0.039999,7,634,3436,84,1384.666667,2561,1739,1817,2039,,LG195_20,29.483,41.951,71.434,Yes,,,,1,8.24,3.58,3.25,5.023333333,2.31,1.46,1.25,1.673333333
LG212_20,53,9/12/2020,hot,control,Guich,0.416,1004.09,1099.01,1106.64,1069.913333,0.712335,185.92,0.959997,3.87068,1014.12,0.039999,15.33333333,NA,132,NA,132,NA,NA,NA,NA,,LG212_20,26.336,NA,NA,Yes,tail tip is invisible,,,1,4.41,3.04,2.74,3.396666667,2.37,1.25,0.91,1.51
LG214_20,83,9/12/2020,hot,control,Guich,0.505,337.071,911.787,685.236,644.698,36.5199,43.0399,1163.52,0.039999,NA,NA,65.33333333,19,1180,171,456.6666667,1289,1063,564,972,,LG214_20,28.484,43.116,71.6,Yes,,,,1,3.34,2.79,3.82,3.316666667,1.24,0.86,1.45,1.183333333
LG217_20,65,8/12/2020,hot,control,Guich,0.451,211.926,836.394,713.993,587.4376667,0.852379,35.7999,7.67998,27.0753,1164.24,0.039999,23.33333333,79,88,13,60,1420,656,NA,1038,,LG217_20,26.533,41.963,68.496,Yes,,,,1,3.59,3.39,3.28,3.42,1.38,1.02,0.98,1.126666667
LG219_20,82,10/12/2020,hot,control,Guich,0.61,948.855,829.725,1096.53,958.37,135.08,115.12,1064.96,0.039999,NA,NA,7.666666667,2450,2572,1250,2090.666667,2661,50,1324,1345,,LG219_20,27.977,49.313,77.29,Yes,,,,1,5.04,4.74,4.71,4.83,1.63,1.75,1.7,1.693333333
LG224_20,75,8/12/2020,hot,control,Guich,0.445,1725.21,1401.19,1151.37,1425.923333,198.96,39.8799,997.678,0.039999,NA,NA,2,1152,1027,50,743,2256,NA,386,1321,,LG224_20,26.458,40.514,66.972,Yes,,,,1,18.15,5.72,4.33,9.4,11.08,2.17,1.57,4.94
LG272_20,70,13/12/2020,hot,control,Guich,0.53,355.277,468.549,32.9457,285.5905667,45.0799,208.759,1154.96,0.039999,NA,NA,36.66666667,2703,428,NA,1565.5,3756,NA,NA,3756,,LG272_20,28.565,43.142,71.707,Yes,,,,1,4.05,3.19,3.39,3.543333333,1.65,1.15,1.35,1.383333333
LG297_20,70,13/12/2020,hot,control,Guich,0.438,1750,1660.73,1557.38,1656.036667,239.759,32.5599,960.278,0.039999,NA,NA,40.33333333,170,NA,65,117.5,305,580,117,334,,LG297_20,26.814,42.742,69.556,Yes,,,,1,3.37,1.94,5.8,3.703333333,1.34,0.64,4.21,2.063333333
LG300_20,46,16/12/2020,hot,control,Guich,0.423,804.068,626.167,1230.16,886.7983333,128.64,2.95999,1071.4,0.039999,NA,NA,5,1399,391,4225,2005,5240,1754,4391,3795,,LG300_20,25.145,42.529,67.674,Yes,,,,1,2.96,2.79,2.72,2.823333333,0.94,0.82,0.96,0.906666667
LG306_20,59,14/12/2020,hot,control,Guich,0.49,390.291,502.659,845.502,579.484,69.2798,222.319,1130.76,0.039999,NA,NA,24.33333333,1119,359,2295,1257.666667,3758,NA,NA,3758,,LG306_20,26.816,NA,NA,Yes,tail tip is invisible,,,1,4.94,6.96,5.1,5.666666667,2.1,2.29,1.43,1.94
LG318_20,56,17/12/2020,hot,control,Guich,0.42,1049.68,1110.85,871.123,1010.551,193.48,31.4799,1006.56,0.039999,NA,NA,3,653,820,428,633.6666667,679,275,634,529.3333333,,LG318_20,27.078,42.079,69.157,Yes,,,,1,2.94,4.46,4.47,3.956666667,0.83,1.77,1.76,1.453333333
LG322_20,44,18/12/2020,hot,control,Guich,0.347,813.472,680.993,548.857,681.1073333,154.48,12.88,1045.56,0.039999,NA,NA,12.66666667,1648,1365,485,1166,NA,1347,1370,1358.5,,LG322_20,26.293,38.721,65.014,Yes,,,,1,4.39,5.21,5.2,4.933333333,1.38,1.42,1.45,1.416666667
LG411_20,48,25/12/2020,hot,control,Guich,0.34,1489.91,1578.71,1730.22,1599.613333,199.639,0.039999,1000.4,0.599998,NA,NA,9,688,1109,364,720.3333333,720,1215,462,799,,LG411_20,NA,NA,NA,Yes,cannot see cloaca,,,1,3.76,5.83,5.03,4.873333333,1.49,2.48,2.14,2.036666667
LG549_20,51,10/1/2021,hot,control,Guich,0.36,1326.94,1134.42,931.203,1130.854333,239.479,121,960.558,0.039999,NA,NA,15.66666667,3540,5415,670,3208.333333,3798,3312,4185,3765,,LG549_20,25.804,NA,NA,Yes,,,,1,4.76,7.06,5.76,5.86,1.57,2.39,1.87,1.943333333