id,clutch,day_hatch,day_photo,temp,egg_treat,sp,Weigth,Distance.moved,Time_hide_sec,Time_snout_sec,Time_emerge_sec,SVL,Tail,Total,Tail_intact,day,speed_1m_s,burst_25cm,age,Notes,Notes.1,Notes.2.y
LD021_20,CL007_20,1/12/2020,31/1/2021,cold,ablated,Deli,0.503,1453.31,43,364,1610,28.506,NA,NA,Yes,1,2.88,0.95,61,tail tip is invisible,,
LD027_20,CL008_20,8/12/2020,31/1/2021,cold,control,Deli,0.324,661.613,6,2887,3724,25.34,36.999,62.339,Yes,1,2.71,1.07,54,,,
LD035_20,CL012_20,7/12/2020,11/2/2021,cold,control,Deli,0.359,62.0564,11,2036,5219,26.035,35.531,61.566,Yes,1,3.21,1.21,66,,,
LD046_20,CL015_20,24/11/2020,31/1/2021,hot,ablated,Deli,0.321,605.448,208,NA,NA,25.036,40.75,65.786,Yes,1,4.85,1.31,68,,,
LD047_20,CL015_20,10/12/2020,31/1/2021,cold,control,Deli,0.345,482.63,20,4844,NA,25.286,NA,NA,Yes,1,2.84,0.76,52,tail tip is invisible,,
LD049_20,CL016_20,14/12/2020,31/1/2021,cold,control,Deli,0.288,1582.96,11,3796,5023,23.907,36.375,60.282,Yes,1,3.11,1.15,48,,,
LD050_20,CL016_20,16/12/2020,11/2/2021,cold,ablated,Deli,0.316,752.477,177,493,932,24.177,36.386,60.563,Yes,1,5.36,1.45,57,,,
LD058_20,CL019_20,24/11/2020,31/1/2021,hot,ablated,Deli,0.398,531.908,2,1416,1750,25.3,45.39,70.69,Yes,1,2.81,0.88,68,,,
LD061_20,CL020_20,25/11/2020,11/2/2021,hot,ablated,Deli,0.486,371.93,1,NA,NA,30.147,44.976,75.123,Yes,1,2.12,0.79,78,wrong V1.1,,
LD064_20,CL020_20,27/11/2020,21/2/2021,hot,control,Deli,0.472,645.86,3,3298,4655,25.883,NA,NA,Yes,1,2.29,0.64,86,has two photos,,
LD065_20,CL020_20,14/12/2020,21/2/2021,cold,control,Deli,0.55,612.983,5,798,3266,NA,NA,NA,Yes,1,3.84,1.27,69,"no photo, probably with wrong ID (LD064)",,
LD074_20,CL023_20,19/12/2020,11/2/2021,cold,ablated,Deli,0.252,586.561,18,NA,NA,21.696,31.849,53.545,Yes,1,3.3,1,54,,,
LD076_20,CL023_20,18/12/2020,11/2/2021,cold,control,Deli,0.311,980.76,5,1017,3492,26.254,39.122,65.376,Yes,1,5.6,1.84,55,,,
LD090_20,CL027_20,16/12/2020,11/2/2021,cold,ablated,Deli,0.288,430.128,15,1341,1373,23.669,35.379,59.048,Yes,1,1.99,0.72,57,,,
LD157_20,CL046_20,7/12/2020,11/2/2021,hot,control,Deli,0.314,1081.55,2,NA,NA,24.832,33.64,58.472,Yes,1,4.63,1.4,66,,,
LD162_20,CL048_20,22/12/2020,31/1/2021,cold,ablated,Deli,0.273,697.518,1,452,1491,22.761,29.021,51.782,Yes,1,2.83,0.83,40,,,
LD163_20,CL048_20,3/12/2020,2/3/2021,hot,ablated,Deli,0.403,1159.09,3,4215,5132,26.14,43.022,69.162,Yes,1,6.21,1.77,89,,,
LD169_20,CL049_20,23/12/2020,11/2/2021,cold,control,Deli,0.328,654.254,2,1646,3649,24.75,34.177,58.927,Yes,1,2.85,0.83,50,,,
LD172_20,CL050_20,3/12/2020,11/2/2021,hot,control,Deli,0.395,532.265,3,1460,2134,25.198,39.849,65.047,Yes,1,2.68,0.92,70,,,
LD173_20,CL050_20,23/12/2020,31/1/2021,cold,ablated,Deli,0.25,637.227,9,NA,NA,22.552,34.235,56.787,No,1,9.03,4.78,39,tail drop during running,,"DAY 3 All NA, WRONG"
LD178_20,CL052_20,23/12/2020,11/2/2021,cold,ablated,Deli,0.252,636.461,4,1826,NA,21.618,34.018,55.636,Yes,1,16.89,14.12,50,,,
LD181_20,CL052_20,23/12/2020,11/2/2021,cold,control,Deli,0.258,31.7252,3,3267,3626,23.755,36.369,60.124,Yes,1,2.98,0.97,50,,,
LD182_20,CL053_20,27/12/2020,2/3/2021,cold,ablated,Deli,0.373,13.9047,4,1323,2225,25.429,40.404,65.833,Yes,1,2.76,1.06,65,,,
LD183_20,CL053_20,7/12/2020,21/2/2021,hot,ablated,Deli,0.476,579.753,1,1524,3423,27.473,NA,NA,Yes,1,2.16,0.68,76,,V2.3 wrong,
LD185_20,CL053_20,28/12/2020,2/3/2021,cold,control,Deli,0.296,1063.4,7,3671,NA,23.516,31.79,55.306,Yes,1,4.2,1.4,64,,,
LD186_20,CL054_20,23/12/2020,31/1/2021,cold,ablated,Deli,0.29,618.339,9,1856,2999,23.113,32.654,55.767,Yes,1,4.02,1.37,39,,,
LD191_20,CL055_20,4/12/2020,31/1/2021,hot,ablated,Deli,0.363,886.822,21,4722,NA,26.108,39.914,66.022,Yes,1,6.69,2.85,58,,,
LD192_20,CL055_20,24/12/2020,31/1/2021,hot,control,Deli,0.278,412.39,3,4784,NA,22.841,NA,NA,Yes,1,3.43,1.35,38,,,
LD200_20,CL057_20,6/12/2020,11/2/2021,hot,control,Deli,0.331,838.521,7,3369,3448,25.999,NA,NA,Yes,1,3.22,1.04,67,tail tip is invisible,,
LD201_20,CL057_20,26/12/2020,11/2/2021,cold,control,Deli,0.268,620.13,12,NA,NA,23.051,38.254,61.305,Yes,1,2.65,0.82,47,,,
LD202_20,CL058_20,24/12/2020,21/2/2021,cold,ablated,Deli,0.262,993.559,0,1001,3752,22.082,NA,NA,Yes,1,2.82,0.83,59,,,
LD204_20,CL058_20,6/12/2020,31/1/2021,hot,control,Deli,0.316,783.356,10,2051,3723,25.541,29.456,54.997,Yes,1,17.72,7.14,56,,,
LD209_20,CL059_20,24/12/2020,31/1/2021,cold,control,Deli,0.255,315.902,1,799,3902,22.109,36.438,58.547,Yes,1,2.49,0.83,38,,Second run; turn back several times,
LD227_20,CL066_20,5/12/2020,11/2/2021,hot,ablated,Deli,0.322,813.81,42,4729,NA,27.068,NA,NA,Yes,1,7.17,2.19,68,tail tip is invisible,,
LD228_20,CL066_20,6/12/2020,11/2/2021,hot,control,Deli,0.334,328.726,1,NA,NA,25.13,36.875,62.005,Yes,1,2.42,0.75,67,,,
LD237_20,CL069_20,7/12/2020,1/2/2021,hot,control,Deli,0.374,732.996,3,NA,NA,25.094,38.84,63.934,Yes,1,4.53,1.78,56,weight and photo on Mon,,
LD238_20,CL069_20,23/12/2020,11/2/2021,cold,control,Deli,0.24,567.284,2,3274,4642,22.569,31.419,53.988,Yes,1,3.12,1.06,50,,,
LD241_20,CL070_20,25/12/2020,31/1/2021,cold,ablated,Deli,0.251,781.715,31,NA,NA,21.882,33.909,55.791,Yes,1,3.24,1.04,37,,,
LD242_20,CL070_20,8/12/2020,21/2/2021,hot,ablated,Deli,0.471,464.31,44,497,NA,26.523,42.097,68.62,Yes,1,2.89,0.78,75,,,
LD243_20,CL070_20,25/12/2020,31/1/2021,cold,ablated,Deli,0.211,1406.93,27,2529,2751,22.596,31.302,53.898,Yes,1,4.5,1.26,37,,,
LD257_20,Cl076_20,28/12/2020,11/2/2021,cold,ablated,Deli,0.259,485.262,11,3523,3776,21.873,33.795,55.668,Yes,1,4.97,2.08,45,,,
LD258_20,Cl076_20,8/12/2020,31/1/2021,hot,ablated,Deli,0.257,718.987,27,1580,2534,23.566,36.614,60.18,Yes,1,6.42,1.99,54,,,
LD263_20,CL078_20,12/12/2020,31/1/2021,hot,control,Deli,0.394,422.47,NA,NA,NA,27.002,42.175,69.177,Yes,1,3.16,0.95,50,,,
LD264_20,CL078_20,11/12/2020,21/2/2021,hot,ablated,Deli,0.383,823.588,5,3155,4428,25.559,40.586,66.145,Yes,1,2.53,0.78,72,,,
LD269_20,CL079_20,28/12/2020,21/2/2021,cold,control,Deli,0.383,1096.57,3,218,455,24.703,32.739,57.442,Yes,1,3.73,1.1,55,,,
LD280_20,CL084_20,11/12/2020,11/2/2021,hot,control,Deli,0.277,556.201,4,4100,5503,23.846,36.798,60.644,Yes,1,3.27,1.15,62,,,
LD281_20,CL084_20,11/12/2020,21/2/2021,hot,ablated,Deli,0.429,492.34,81,NA,NA,26.948,37.733,64.681,Yes,1,3.36,1.17,72,,,
LD282_20,CL084_20,29/12/2020,11/2/2021,cold,ablated,Deli,0.229,537.094,2,3719,NA,23.016,31.173,54.189,Yes,1,7.03,2.42,44,,,
LD283_20,CL084_20,29/12/2020,21/2/2021,cold,control,Deli,0.295,657.937,2,2135,3728,22.994,34.573,57.567,Yes,1,2.86,0.99,54,,,
LD287_20,CL086_20,24/12/2020,31/1/2021,cold,control,Deli,0.21,555.565,69,729,1452,20.72,31.569,52.289,Yes,1,2.37,0.7,38,,,
LD290_20,CL086_20,8/12/2020,31/1/2021,hot,control,Deli,0.362,369.22,568,2084,5270,26.745,35.738,62.483,Yes,1,3.33,1.07,54,,,
LD291_20,CL087_20,30/12/2020,21/2/2021,cold,control,Deli,0.312,703.802,21,1326,4740,24.936,35.737,60.673,No,1,5.98,1.67,53,stick to tape and drop ~2cm tail before sprint speed,,
LD292_20,CL087_20,30/12/2020,21/2/2021,cold,ablated,Deli,0.327,1334.11,43,552,979,23.439,41.258,64.697,Yes,1,2.53,0.77,53,,,
LD294_20,CL087_20,12/12/2020,11/2/2021,hot,control,Deli,0.416,529.417,2,1012,2604,26.394,40.788,67.182,Yes,1,4.82,1.8,61,,,
LD311_20,CL093_20,31/12/2020,21/2/2021,cold,ablated,Deli,0.276,496.236,11,NA,NA,22.91,32.631,55.541,Yes,1,61.55,26.49,52,,,
LD312_20,CL093_20,13/12/2020,2/3/2021,hot,ablated,Deli,0.325,307.11,1,867,3492,24.108,40.238,64.346,Yes,1,3.8,1.11,79,,,
LD332_20,CL097_20,15/12/2020,21/2/2021,hot,control,Deli,0.351,1056.6,3,1421,NA,25.365,NA,NA,Yes,1,6.27,1.83,68,,,
LD333_20,CL097_20,2/1/2021,2/3/2021,cold,ablated,Deli,0.263,1207.88,8,1318,1594,22.451,32.773,55.224,Yes,1,16.83,10.02,59,,,
LD336_20,CL098_20,14/12/2020,2/3/2021,hot,control,Deli,0.327,258.386,2,1738,3179,21.897,NA,NA,Yes,1,4.49,1.39,78,,,
LD342_20,CL100_20,27/12/2020,31/1/2021,cold,control,Deli,0.248,430.245,NA,NA,NA,23.881,33.619,57.5,Yes,1,2.95,0.9,35,,,
LD345_20,CL101_20,31/12/2020,2/3/2021,cold,control,Deli,0.302,310.532,19,717,1975,23.633,31.347,54.98,Yes,1,2.83,0.84,61,,,
LD349_20,CL102_20,3/1/2021,2/3/2021,cold,control,Deli,0.22,372.548,5,4511,NA,21.164,31.841,53.005,Yes,1,3.43,1.04,58,,,
LD353_20,CL103_20,17/12/2020,2/3/2021,hot,control,Deli,0.398,477.577,11,1515,2185,24.029,NA,NA,Yes,1,2.21,0.7,75,,,
LD358_20,CL104_20,3/1/2021,21/2/2021,cold,ablated,Deli,0.192,552.688,2,2191,3328,20.821,24.967,45.788,Yes,1,7.84,5.87,49,,,
LD361_20,CL104_20,18/12/2020,31/1/2021,hot,ablated,Deli,0.257,927.828,57,1364,2630,21.392,35.761,57.153,Yes,1,3.61,1.41,44,,,
LD365_20,CL105_20,15/12/2020,11/2/2021,hot,ablated,Deli,0.256,1121.04,6,5624,NA,22.08,34.559,56.639,Yes,1,3.36,1.15,58,,,
LD374_20,CL109_20,19/12/2020,11/2/2021,hot,ablated,Deli,0.228,589.483,12,NA,NA,21.585,NA,NA,Yes,1,5.15,1.52,54,tail tip is invisible,,
LD378_20,CL111_20,7/1/2021,21/2/2021,cold,ablated,Deli,0.299,1000.78,3,881,4296,22.926,30.196,53.122,Yes,1,9.9,3.19,45,,,
LD383_20,CL111_20,19/12/2020,11/2/2021,hot,ablated,Deli,0.242,580.773,18,NA,NA,23.146,35.483,58.629,Yes,1,3.59,1.16,54,,,
LD386_20,CL112_20,9/1/2021,2/3/2021,cold,ablated,Deli,0.334,433.209,2,793,1367,23.609,29.225,52.834,Yes,1,6.57,1.96,52,,,
LD387_20,CL112_20,22/12/2020,21/2/2021,hot,ablated,Deli,0.418,816.123,5,1282,2582,27.17,41.069,68.239,Yes,1,3.88,1.34,61,,,
LD390_20,CL114_20,6/1/2021,21/2/2021,cold,ablated,Deli,0.242,673.695,51,NA,NA,21.512,32.253,53.765,Yes,1,4.11,1.7,46,,,
LD396_20,CL115_20,7/1/2021,2/3/2021,cold,control,Deli,0.279,1140.08,2,204,1005,24.188,34.132,58.32,Yes,1,3.42,0.99,54,,,
LD408_20,CL120_20,8/1/2021,2/3/2021,cold,ablated,Deli,0.349,NA,3,3973,NA,25.893,34.618,60.511,Yes,1,5.28,1.94,53,,,
LD416_20,CL123_20,9/1/2021,21/2/2021,cold,control,Deli,0.252,1013.36,2,1352,1915,23.622,29.731,53.353,Yes,1,2.06,0.61,43,,,
LD419_20,CL124_20,27/12/2020,31/1/2021,hot,control,Deli,0.196,761.624,20,NA,NA,21.269,27.942,49.211,Yes,1,3.54,1.3,35,,,
LD423_20,CL125_20,25/12/2020,21/2/2021,hot,ablated,Deli,0.28,723.583,4,719,1610,23.383,28.544,51.927,No,1,7.55,2.11,58,,drop 1cm tail,
LD426_20,CL125_20,10/1/2021,21/2/2021,cold,control,Deli,0.209,485.827,49,NA,NA,21.322,30.629,51.951,Yes,1,4.53,2.34,42,,,
LD430_20,CL127_20,26/12/2020,31/1/2021,hot,ablated,Deli,0.226,1328.12,45,2449,NA,NA,NA,NA,Yes,1,4.23,1.33,36,cannot see cloaca,V2.2 wrong,"DAY 3 All NA, WRONG"
LD432_20,CL127_20,28/12/2020,21/2/2021,hot,control,Deli,0.33,1070.78,68,NA,NA,23.24,34.173,57.413,Yes,1,3.64,1.22,55,,,
LD442_20,CL129_20,28/12/2020,11/2/2021,hot,ablated,Deli,0.238,670.84,6,NA,NA,22.747,NA,NA,Yes,1,2.99,0.89,45,tail tip is invisible,,
LD469_20,CL140_20,3/1/2021,21/2/2021,hot,control,Deli,0.208,588.906,4,5831,NA,20.377,27.697,48.074,Yes,1,6.59,2.32,49,,,
LD482_20,CL142_20,31/12/2020,2/3/2021,hot,ablated,Deli,0.308,366.715,3,NA,NA,23.152,36.71,59.862,Yes,1,5.24,1.52,61,,,
LD490_20,CL145_20,1/1/2021,2/3/2021,hot,ablated,Deli,0.291,251.52,4,NA,NA,24.117,36.264,60.381,Yes,1,4.83,1.45,60,,,
LD493_20,CL146_20,7/1/2021,21/2/2021,hot,control,Deli,0.228,404.664,8,985,997,20.539,31.12,51.659,Yes,1,2.61,0.93,45,,,
LD496_20,CL147_20,29/12/2020,21/2/2021,hot,control,Deli,0.335,321.303,3,3104,3728,NA,NA,NA,Yes,1,2.67,1.01,54,no photo,,
LD503_20,CL149_20,5/1/2021,2/3/2021,hot,control,Deli,0.301,778.569,2,3851,NA,24.616,32.74,57.356,Yes,1,4.06,1.11,56,,,
LD532_20,CL155_20,4/1/2021,2/3/2021,hot,control,Deli,0.28,90.6654,3,4405,NA,24.072,36.011,60.083,Yes,1,2.98,0.85,57,,,
LG029_20,CL009_20,8/12/2020,31/1/2021,cold,control,Guich,0.387,1188.94,5,1263,1542,27.189,NA,NA,Yes,1,2.03,0.85,54,tail tip is invisible,,
LG032_20,CL011_20,11/12/2020,31/1/2021,cold,control,Guich,0.397,1066.76,3,28,1390,27.205,NA,NA,Yes,1,4.31,1.47,51,,,
LG039_20,CL013_20,9/12/2020,31/1/2021,cold,control,Guich,0.376,318.4,9,86,1542,28.52,NA,NA,Yes,1,4.91,1.78,53,tail tip is invisible,,
LG053_20,CL017_20,13/12/2020,31/1/2021,cold,ablated,Guich,0.379,760.213,3,2218,NA,NA,NA,NA,Yes,1,4.69,1.86,49,too blurred to set scale,,
LG055_20,CL018_20,26/11/2020,21/2/2021,hot,control,Guich,0.575,NA,4,937,NA,29.692,45.963,75.655,No,1,3.78,1.27,87,stick to tape before sprint speed,,
LG056_20,CL018_20,16/12/2020,31/1/2021,cold,ablated,Guich,0.401,488.732,60,6778,NA,24.392,37.651,62.043,Yes,1,5.64,2.15,46,,,
LG067_20,CL021_20,27/11/2020,31/1/2021,hot,ablated,Guich,0.564,703.317,2,2770,3975,27.499,42.231,69.73,Yes,1,6.15,3.22,65,,,
LG068_20,CL021_20,27/11/2020,31/1/2021,hot,control,Guich,0.479,470.395,1,1196,1378,29.281,39.712,68.993,Yes,1,2.64,0.96,65,,,
LG069_20,CL022_20,17/12/2020,31/1/2021,cold,control,Guich,0.327,1141.63,27,401,650,24.957,38.847,63.804,Yes,1,3.42,1.12,45,,,
LG084_20,CL025_20,25/12/2020,2/3/2021,cold,control,Guich,0.469,319.942,14,3860,NA,NA,NA,NA,Yes,1,2.72,0.73,67,"no photo, probably with wrong ID",,
LG087_20,CL026_20,1/12/2020,11/2/2021,hot,ablated,Guich,0.532,559.72,3,51,83,31.193,46.487,77.68,Yes,1,2.94,1.17,72,,,
LG088_20,CL026_20,21/12/2020,21/2/2021,cold,ablated,Guich,0.374,776.988,70,328,577,NA,NA,NA,Yes,1,3.39,0.96,62,cannot see cloaca,V2.4 wrong,
LG089_20,CL026_20,21/12/2020,31/1/2021,cold,control,Guich,0.416,2996.82,59,153,282,27.481,41.226,68.707,Yes,1,5.46,1.88,41,,,second run
LG097_20,CL029_20,2/12/2020,31/1/2021,hot,ablated,Guich,0.457,687.238,6,610,2981,26.372,43.668,70.04,Yes,1,4.44,1.58,60,,,
LG100_20,CL029_20,21/12/2020,11/2/2021,cold,ablated,Guich,0.388,1121.23,7,375,655,27.365,39.322,66.687,Yes,1,2.25,1.2,52,wrong V1.1,,
LG101_20,CL029_20,1/12/2020,31/1/2021,hot,control,Guich,0.461,639.421,81,664,4007,29.664,42.346,72.01,Yes,1,2.18,0.74,61,,,
LG102_20,CL029_20,22/12/2020,31/1/2021,cold,control,Guich,0.359,777.254,5,3442,7818,23.94,35.209,59.149,Yes,1,9.33,4.73,40,,,
LG104_20,CL030_20,23/12/2020,21/2/2021,cold,ablated,Guich,0.545,19.3447,22,2308,5091,26.245,41.193,67.438,Yes,1,4.04,1.36,60,,,
LG109_20,CL030_20,23/12/2020,11/2/2021,cold,ablated,Guich,0.333,771.012,2,1092,1094,23.241,35.779,59.02,Yes,1,2.77,1.23,50,,,
LG111_20,CL031_20,21/12/2020,11/2/2021,cold,ablated,Guich,0.342,2083.31,140,483,684,25.947,37.045,62.992,Yes,1,4.68,1.93,52,,,
LG112_20,CL031_20,23/12/2020,11/2/2021,cold,ablated,Guich,0.355,847.639,13,NA,NA,25.916,39.144,65.06,Yes,1,2.99,1.18,50,,,
LG113_20,CL031_20,20/12/2020,11/2/2021,cold,control,Guich,0.313,1242.36,69,205,1174,25.495,37.362,62.857,Yes,1,2.37,0.75,53,,,
LG118_20,CL032_20,22/12/2020,11/2/2021,cold,control,Guich,0.306,27.0626,6,1255,2638,23.163,32.574,55.737,Yes,1,4.24,1.45,51,,,
LG121_20,CL033_20,3/12/2020,31/1/2021,cold,ablated,Guich,0.422,220.285,58,927,1902,24.419,34.841,59.26,Yes,1,3.51,1.21,59,,,
LG122_20,CL034_20,4/12/2020,31/1/2021,hot,ablated,Guich,0.346,612.406,3,393,1019,25.821,36.934,62.755,Yes,1,3.5,1.13,58,,,
LG135_20,CL038_20,6/12/2020,11/2/2021,hot,control,Guich,0.529,688.907,209,NA,NA,28.481,NA,NA,Yes,1,5.94,3.48,67,tail tip is invisible,,
LG141_20,CL040_20,24/12/2020,31/1/2021,cold,ablated,Guich,0.468,1185.84,8,181,NA,26.249,41.329,67.578,Yes,1,4.96,2.14,38,,,
LG142_20,CL041_20,26/12/2020,21/2/2021,cold,ablated,Guich,0.346,493.414,95,2420,4541,25.001,NA,NA,Yes,1,4.04,1.59,57,,,
LG144_20,CL042_20,3/12/2020,31/1/2021,hot,ablated,Guich,0.453,1154.82,7,1331,1413,27.927,40.804,68.731,Yes,1,3,1.01,59,,,
LG145_20,CL043_20,6/12/2020,11/2/2021,hot,control,Guich,0.393,832.478,9,5704,NA,27.189,37.898,65.087,Yes,1,2.84,0.93,67,,,
LG147_20,CL044_20,29/12/2020,21/2/2021,cold,ablated,Guich,0.416,301.022,1,2496,2825,NA,NA,NA,Yes,1,4.42,1.76,54,no photo,,
LG148_20,CL044_20,6/12/2020,11/2/2021,hot,ablated,Guich,0.439,1026.16,6,1246,2970,28.577,39.293,67.87,Yes,1,5.23,1.58,67,,,
LG149_20,CL044_20,7/12/2020,31/1/2021,hot,control,Guich,0.441,648.837,1,1423,1512,29.464,36.962,66.426,Yes,1,4.07,2.07,55,V1.2 wrong,,
LG150_20,CL044_20,29/12/2020,11/2/2021,cold,control,Guich,0.326,787.871,7,1633,NA,24.868,33.603,58.471,Yes,1,10.63,4.05,44,,,
LG159_20,CL047_20,7/12/2020,2/3/2021,hot,control,Guich,0.59,271.166,4,1838,2995,28.258,49.537,77.795,Yes,1,4.78,1.56,85,,,
LG160_20,CL047_20,24/12/2020,31/1/2021,cold,ablated,Guich,0.476,475.002,11,629,1403,28.591,39.573,68.164,Yes,1,9.99,5.79,38,,,
LG174_20,CL051_20,26/12/2020,31/1/2021,cold,ablated,Guich,0.367,668.384,1,170,563,24.941,NA,NA,No,1,3.48,0.89,36,drop 1cm tail before measurement,,
LG176_20,CL051_20,6/12/2020,21/2/2021,hot,control,Guich,0.626,444.999,9,1596,2680,30.107,50.163,80.27,Yes,1,6.83,5.53,77,,,
LG195_20,CL056_20,8/12/2020,21/2/2021,hot,control,Guich,0.469,532.828,12,634,2561,29.483,41.951,71.434,Yes,1,8.24,2.31,75,,,
LG197_20,CL056_20,29/12/2020,11/2/2021,cold,ablated,Guich,0.254,149.931,9,1611,3314,24.01,32.081,56.091,Yes,1,10.85,7.1,44,,,
LG212_20,CL061_20,9/12/2020,31/1/2021,hot,control,Guich,0.416,1004.09,37,NA,NA,26.336,NA,NA,Yes,1,4.41,2.37,53,tail tip is invisible,,
LG213_20,CL061_20,30/12/2020,11/2/2021,cold,ablated,Guich,0.278,762.912,195,581,805,22.356,31.747,54.103,Yes,1,4.18,1.61,43,,,
LG214_20,CL062_20,9/12/2020,2/3/2021,hot,control,Guich,0.505,337.071,3,19,1289,28.484,43.116,71.6,Yes,1,3.34,1.24,83,,,
LG217_20,CL063_20,8/12/2020,11/2/2021,hot,control,Guich,0.451,211.926,8,79,1420,26.533,41.963,68.496,Yes,1,3.59,1.38,65,,,
LG219_20,CL064_20,10/12/2020,2/3/2021,hot,control,Guich,0.61,948.855,4,2450,2661,27.977,49.313,77.29,Yes,1,5.04,1.63,82,,,
LG220_20,CL064_20,9/12/2020,21/2/2021,hot,ablated,Guich,0.56,470.718,24,NA,NA,30.116,49.127,79.243,Yes,1,2.54,0.75,74,,,
LG222_20,CL065_20,27/12/2020,2/3/2021,cold,ablated,Guich,0.431,529.531,5,2428,4648,27.374,38.701,66.075,Yes,1,26.64,22.39,65,has two photos,,
LG224_20,CL065_20,8/12/2020,21/2/2021,hot,control,Guich,0.445,1725.21,2,1152,2256,26.458,40.514,66.972,Yes,1,18.15,11.08,75,,,
LG225_20,CL065_20,29/12/2020,11/2/2021,cold,control,Guich,0.267,643.652,5,842,875,23.143,34.289,57.432,Yes,1,3.63,1.04,44,,,
LG230_20,CL067_20,30/12/2020,21/2/2021,cold,control,Guich,0.321,644.745,19,298,3727,25.059,34.191,59.25,Yes,1,4.54,1.69,53,,,
LG231_20,CL067_20,29/12/2020,21/2/2021,cold,ablated,Guich,0.302,813.164,32,NA,NA,22.947,32.477,55.424,Yes,1,3.6,1.33,54,,,
LG233_20,CL068_20,30/12/2020,11/2/2021,cold,control,Guich,0.369,238.46,38,226,953,24.89,38.769,63.659,Yes,1,28.16,25.67,43,,,
LG234_20,CL068_20,30/12/2020,2/3/2021,cold,ablated,Guich,0.351,1271.07,1,169,986,23.754,35.988,59.742,Yes,1,16.86,8.78,62,,,
LG247_20,CL072_20,31/12/2020,11/2/2021,cold,control,Guich,0.294,265.35,52,2151,3659,25.007,NA,NA,Yes,1,5.28,1.57,42,tail tip is invisible,,
LG252_20,CL074_20,1/1/2021,2/3/2021,cold,control,Guich,0.381,389.064,2,2283,NA,25.449,38.531,63.98,Yes,1,6.05,1.65,60,,,
LG272_20,CL081_20,13/12/2020,21/2/2021,hot,control,Guich,0.53,355.277,96,2703,3756,28.565,43.142,71.707,Yes,1,4.05,1.65,70,,,
LG274_20,CL081_20,12/12/2020,2/3/2021,hot,ablated,Guich,0.585,863.331,2,1004,1343,29.628,44.241,73.869,Yes,1,2.55,0.91,80,,,
LG276_20,CL082_20,11/12/2020,2/3/2021,hot,ablated,Guich,0.49,39.5311,2,721,2688,29.512,NA,NA,Yes,1,3.3,1.57,81,,,
LG296_20,CL088_20,15/12/2020,11/2/2021,hot,ablated,Guich,0.345,532.549,31,37,1412,25.041,NA,NA,Yes,1,6.27,2.63,58,tail tip is invisible,,
LG297_20,CL089_20,13/12/2020,21/2/2021,hot,control,Guich,0.438,1750,104,170,305,26.814,42.742,69.556,Yes,1,3.37,1.34,70,,,
LG300_20,CL090_20,16/12/2020,31/1/2021,hot,control,Guich,0.423,804.068,9,1399,5240,25.145,42.529,67.674,Yes,1,2.96,0.94,46,,,
LG304_20,CL091_20,12/12/2020,11/2/2021,hot,ablated,Guich,0.418,1567.02,207,814,1332,25.249,NA,NA,Yes,1,3.18,0.87,61,tail tip is invisible,,
LG305_20,CL092_20,3/1/2021,21/2/2021,cold,control,Guich,0.23,638.678,5,792,1466,22.188,30.59,52.778,Yes,1,5.06,1.37,49,,,
LG306_20,CL092_20,14/12/2020,11/2/2021,hot,control,Guich,0.49,390.291,5,1119,3758,26.816,NA,NA,Yes,1,4.94,2.1,59,tail tip is invisible,,
LG307_20,CL092_20,3/1/2021,21/2/2021,cold,ablated,Guich,0.257,1043.6,45,121,348,23.207,31.873,55.08,Yes,1,4.7,1.46,49,,,
LG314_20,CL094_20,3/1/2021,2/3/2021,cold,ablated,Guich,0.197,1107.08,40,852,1076,21.076,27.99,49.066,Yes,1,4.51,1.84,58,,,
LG315_20,CL094_20,15/12/2020,11/2/2021,hot,ablated,Guich,0.293,NA,5,1106,2043,24.262,36.55,60.812,Yes,1,25.03,10.32,58,,,
LG316_20,CL095_20,19/12/2020,2/3/2021,hot,ablated,Guich,0.516,20.53,1,845,1554,26.215,NA,NA,Yes,1,5.7,1.84,73,recorded as LG319,,
LG317_20,CL095_20,7/1/2021,21/2/2021,cold,control,Guich,0.339,603.035,5,2142,NA,24.469,36.589,61.058,Yes,1,4.51,1.73,45,,,
LG318_20,CL095_20,17/12/2020,11/2/2021,hot,control,Guich,0.42,1049.68,4,653,679,27.078,42.079,69.157,Yes,1,2.94,0.83,56,,,
LG320_20,CL095_20,19/12/2020,31/1/2021,hot,ablated,Guich,0.402,906.354,2,1320,2868,26.675,42.074,68.749,Yes,1,4.23,2.26,43,,,
LG321_20,CL095_20,7/1/2021,21/2/2021,cold,control,Guich,0.245,975.738,2,36,808,22.872,31.149,54.021,Yes,1,4.91,1.99,45,,,
LG322_20,CL095_20,18/12/2020,31/1/2021,hot,control,Guich,0.347,813.472,17,1648,NA,26.293,38.721,65.014,Yes,1,4.39,1.38,44,,,
LG324_20,CL096_20,18/12/2020,31/1/2021,hot,ablated,Guich,0.393,689.774,15,3608,4273,26.835,NA,NA,Yes,1,4.4,1.58,44,tail tip is invisible,,
LG325_20,CL096_20,6/1/2021,21/2/2021,cold,control,Guich,0.299,739.863,20,NA,NA,23.306,36.422,59.728,Yes,1,1.97,0.59,46,,,
LG341_20,CL099_20,3/1/2021,2/3/2021,cold,ablated,Guich,0.241,829.029,15,364,1065,22.511,30.771,53.282,Yes,1,9.75,3.17,58,,,
LG366_20,CL106_20,8/1/2021,2/3/2021,cold,control,Guich,0.324,67.8987,4,43,2505,25.207,34.376,59.583,Yes,1,3.87,1.16,53,,,
LG368_20,CL107_20,18/12/2020,21/2/2021,hot,ablated,Guich,0.395,751.461,16,1377,NA,26.057,39.706,65.763,Yes,1,3.63,1.09,65,,,
LG377_20,CL110_20,8/1/2021,2/3/2021,cold,control,Guich,0.35,570.178,14,NA,NA,25.643,NA,NA,Yes,1,6.36,2.06,53,,,
LG411_20,CL122_20,25/12/2020,11/2/2021,hot,control,Guich,0.34,1489.91,2,688,720,NA,NA,NA,Yes,1,3.76,1.49,48,cannot see cloaca,,
LG413_20,CL122_20,9/1/2021,21/2/2021,cold,control,Guich,0.299,532.941,6,577,NA,23.326,NA,NA,Yes,1,7.51,2.75,43,part of tail is invisible,,
LG414_20,CL122_20,24/12/2020,21/2/2021,hot,ablated,Guich,0.515,917.41,1,138,1306,27.309,45.761,73.07,Yes,1,3.25,0.84,59,,,
LG450_20,CL133_20,30/12/2020,21/2/2021,hot,ablated,Guich,0.329,439.791,17,NA,NA,27.811,39.267,67.078,Yes,1,4.07,1.23,53,,,
LG455_20,CL135_20,31/12/2020,11/2/2021,hot,ablated,Guich,0.281,925.256,3,280,2618,24.615,36.159,60.774,Yes,1,3.58,1.16,42,,,
LG457_20,CL136_20,31/12/2020,2/3/2021,hot,ablated,Guich,0.374,383.424,4,521,3417,26.456,34.221,60.677,Yes,1,7.19,2.29,61,,,
LG467_20,CL139_20,2/1/2021,21/2/2021,hot,ablated,Guich,0.329,968.543,2,3493,3750,23.438,NA,NA,Yes,1,7.52,4.25,50,,,
LG548_20,CL161_20,10/1/2021,21/2/2021,hot,ablated,Guich,0.245,721.101,2,187,1227,22.241,33.678,55.919,Yes,1,6,3.26,42,,,
LG549_20,CL161_20,10/1/2021,2/3/2021,hot,control,Guich,0.36,1326.94,19,3540,3798,25.804,NA,NA,Yes,1,4.76,1.57,51,,,
LD021_20,CL007_20,1/12/2020,31/1/2021,cold,ablated,Deli,0.503,885.622,64,174,2377,28.506,NA,NA,Yes,2,2.93,0.94,61,tail tip is invisible,,
LD027_20,CL008_20,8/12/2020,31/1/2021,cold,control,Deli,0.324,429.848,2,203,1994,25.34,36.999,62.339,Yes,2,3.13,1.24,54,,,
LD035_20,CL012_20,7/12/2020,11/2/2021,cold,control,Deli,0.359,321.274,31,1592,2806,26.035,35.531,61.566,Yes,2,3.03,0.91,66,,,
LD046_20,CL015_20,24/11/2020,31/1/2021,hot,ablated,Deli,0.321,591.039,285,NA,NA,25.036,40.75,65.786,Yes,2,15.11,8.54,68,,,
LD047_20,CL015_20,10/12/2020,31/1/2021,cold,control,Deli,0.345,638.514,2,NA,NA,25.286,NA,NA,Yes,2,3.33,0.95,52,tail tip is invisible,,
LD049_20,CL016_20,14/12/2020,31/1/2021,cold,control,Deli,0.288,640.813,8,4880,NA,23.907,36.375,60.282,Yes,2,2.57,0.71,48,,,
LD050_20,CL016_20,16/12/2020,11/2/2021,cold,ablated,Deli,0.316,1162.87,1,4369,NA,24.177,36.386,60.563,Yes,2,5.15,1.34,57,,,
LD058_20,CL019_20,24/11/2020,31/1/2021,hot,ablated,Deli,0.398,705.409,78,1039,1920,25.3,45.39,70.69,Yes,2,2.91,1.18,68,,,
LD061_20,CL020_20,25/11/2020,11/2/2021,hot,ablated,Deli,0.486,478.921,4,NA,NA,30.147,44.976,75.123,Yes,2,4.91,1.68,78,wrong V1.1,,
LD064_20,CL020_20,27/11/2020,21/2/2021,hot,control,Deli,0.472,399.318,6,2154,3902,25.883,NA,NA,Yes,2,2.19,0.86,86,has two photos,,
LD065_20,CL020_20,14/12/2020,21/2/2021,cold,control,Deli,0.55,634.758,2,1666,2455,NA,NA,NA,Yes,2,2.94,0.79,69,"no photo, probably with wrong ID (LD064)",,
LD074_20,CL023_20,19/12/2020,11/2/2021,cold,ablated,Deli,0.252,460.464,23,NA,NA,21.696,31.849,53.545,Yes,2,2.65,0.89,54,,,
LD076_20,CL023_20,18/12/2020,11/2/2021,cold,control,Deli,0.311,788.581,10,2755,4013,26.254,39.122,65.376,Yes,2,5.94,1.7,55,,,
LD090_20,CL027_20,16/12/2020,11/2/2021,cold,ablated,Deli,0.288,677.178,16,807,1015,23.669,35.379,59.048,Yes,2,2.57,1.11,57,,,
LD157_20,CL046_20,7/12/2020,11/2/2021,hot,control,Deli,0.314,927.621,7,NA,NA,24.832,33.64,58.472,Yes,2,3.28,1.04,66,,,
LD162_20,CL048_20,22/12/2020,31/1/2021,cold,ablated,Deli,0.273,510.95,7,1953,2523,22.761,29.021,51.782,Yes,2,2.74,0.9,40,,,
LD163_20,CL048_20,3/12/2020,2/3/2021,hot,ablated,Deli,0.403,142.735,4,6066,NA,26.14,43.022,69.162,Yes,2,5.35,1.64,89,,,
LD169_20,CL049_20,23/12/2020,11/2/2021,cold,control,Deli,0.328,802.726,3,3211,4968,24.75,34.177,58.927,Yes,2,2.44,0.71,50,,,
LD172_20,CL050_20,3/12/2020,11/2/2021,hot,control,Deli,0.395,583.33,5,4766,NA,25.198,39.849,65.047,Yes,2,3.28,1.1,70,,,
LD173_20,CL050_20,23/12/2020,31/1/2021,cold,ablated,Deli,0.25,NA,NA,NA,NA,22.552,34.235,56.787,No,2,5.49,3.32,39,tail drop during running,,"DAY 3 All NA, WRONG"
LD178_20,CL052_20,23/12/2020,11/2/2021,cold,ablated,Deli,0.252,750.275,5,1641,NA,21.618,34.018,55.636,Yes,2,4.76,1.41,50,,,
LD181_20,CL052_20,23/12/2020,11/2/2021,cold,control,Deli,0.258,201.996,22,NA,NA,23.755,36.369,60.124,Yes,2,2.62,0.86,50,,,
LD182_20,CL053_20,27/12/2020,2/3/2021,cold,ablated,Deli,0.373,710.525,5,1534,NA,25.429,40.404,65.833,Yes,2,2.52,0.86,65,,,
LD183_20,CL053_20,7/12/2020,21/2/2021,hot,ablated,Deli,0.476,602.08,37,3460,4286,27.473,NA,NA,Yes,2,6.39,5.11,76,,V2.3 wrong,
LD185_20,CL053_20,28/12/2020,2/3/2021,cold,control,Deli,0.296,851.147,0,NA,NA,23.516,31.79,55.306,Yes,2,9.95,6.54,64,,,
LD186_20,CL054_20,23/12/2020,31/1/2021,cold,ablated,Deli,0.29,552.22,2,2513,3243,23.113,32.654,55.767,Yes,2,4.09,1.23,39,,,
LD191_20,CL055_20,4/12/2020,31/1/2021,hot,ablated,Deli,0.363,1232.79,2,NA,NA,26.108,39.914,66.022,Yes,2,3.98,1.49,58,,,
LD192_20,CL055_20,24/12/2020,31/1/2021,hot,control,Deli,0.278,814.509,3,3101,3395,22.841,NA,NA,Yes,2,7.07,2.06,38,,,
LD200_20,CL057_20,6/12/2020,11/2/2021,hot,control,Deli,0.331,752.411,1,991,3073,25.999,NA,NA,Yes,2,5.13,1.43,67,tail tip is invisible,,
LD201_20,CL057_20,26/12/2020,11/2/2021,cold,control,Deli,0.268,1010.92,7,NA,NA,23.051,38.254,61.305,Yes,2,3.04,0.92,47,,,
LD202_20,CL058_20,24/12/2020,21/2/2021,cold,ablated,Deli,0.262,753.294,0,452,1922,22.082,NA,NA,Yes,2,2.55,0.76,59,,,
LD204_20,CL058_20,6/12/2020,31/1/2021,hot,control,Deli,0.316,745.486,13,2800,4405,25.541,29.456,54.997,Yes,2,14.43,5.64,56,,,
LD209_20,CL059_20,24/12/2020,31/1/2021,cold,control,Deli,0.255,486.965,5,782,3572,22.109,36.438,58.547,Yes,2,10.11,5.58,38,,Second run; turn back several times,
LD227_20,CL066_20,5/12/2020,11/2/2021,hot,ablated,Deli,0.322,891.769,6,NA,NA,27.068,NA,NA,Yes,2,13.66,4.12,68,tail tip is invisible,,
LD228_20,CL066_20,6/12/2020,11/2/2021,hot,control,Deli,0.334,667.368,5,NA,NA,25.13,36.875,62.005,Yes,2,14.34,12.18,67,,,
LD237_20,CL069_20,7/12/2020,1/2/2021,hot,control,Deli,0.374,931.813,36,NA,NA,25.094,38.84,63.934,Yes,2,3.8,1.11,56,weight and photo on Mon,,
LD238_20,CL069_20,23/12/2020,11/2/2021,cold,control,Deli,0.24,884.971,3,704,1702,22.569,31.419,53.988,Yes,2,2.63,0.73,50,,,
LD241_20,CL070_20,25/12/2020,31/1/2021,cold,ablated,Deli,0.251,438.321,11,NA,NA,21.882,33.909,55.791,Yes,2,3.07,1.15,37,,,
LD242_20,CL070_20,8/12/2020,21/2/2021,hot,ablated,Deli,0.471,462.089,7,2476,3681,26.523,42.097,68.62,Yes,2,3.27,1.08,75,,,
LD243_20,CL070_20,25/12/2020,31/1/2021,cold,ablated,Deli,0.211,898.235,8,2550,3275,22.596,31.302,53.898,Yes,2,5.1,1.45,37,,,
LD257_20,Cl076_20,28/12/2020,11/2/2021,cold,ablated,Deli,0.259,350.198,1,2587,2689,21.873,33.795,55.668,Yes,2,4.56,1.47,45,,,
LD258_20,Cl076_20,8/12/2020,31/1/2021,hot,ablated,Deli,0.257,846.211,8,335,3061,23.566,36.614,60.18,Yes,2,3.66,1.04,54,,,
LD263_20,CL078_20,12/12/2020,31/1/2021,hot,control,Deli,0.394,818.547,NA,NA,NA,27.002,42.175,69.177,Yes,2,4.06,1.61,50,,,
LD264_20,CL078_20,11/12/2020,21/2/2021,hot,ablated,Deli,0.383,595.951,4,4223,4928,25.559,40.586,66.145,Yes,2,3.02,0.99,72,,,
LD269_20,CL079_20,28/12/2020,21/2/2021,cold,control,Deli,0.383,490.288,1,1594,3783,24.703,32.739,57.442,Yes,2,5.82,2.01,55,,,
LD280_20,CL084_20,11/12/2020,11/2/2021,hot,control,Deli,0.277,497.868,3,5156,NA,23.846,36.798,60.644,Yes,2,3.7,1.15,62,,,
LD281_20,CL084_20,11/12/2020,21/2/2021,hot,ablated,Deli,0.429,589.857,6,1220,NA,26.948,37.733,64.681,Yes,2,2.69,0.92,72,,,
LD282_20,CL084_20,29/12/2020,11/2/2021,cold,ablated,Deli,0.229,538.044,2,NA,NA,23.016,31.173,54.189,Yes,2,5.35,1.45,44,,,
LD283_20,CL084_20,29/12/2020,21/2/2021,cold,control,Deli,0.295,546.744,3,990,2225,22.994,34.573,57.567,Yes,2,5.97,3.8,54,,,
LD287_20,CL086_20,24/12/2020,31/1/2021,cold,control,Deli,0.21,623.415,207,4219,4571,20.72,31.569,52.289,Yes,2,2.48,0.74,38,,,
LD290_20,CL086_20,8/12/2020,31/1/2021,hot,control,Deli,0.362,1410.84,3,1463,NA,26.745,35.738,62.483,Yes,2,3.34,1.19,54,,,
LD291_20,CL087_20,30/12/2020,21/2/2021,cold,control,Deli,0.312,657.913,23,899,1823,24.936,35.737,60.673,No,2,3.24,0.91,53,stick to tape and drop ~2cm tail before sprint speed,,
LD292_20,CL087_20,30/12/2020,21/2/2021,cold,ablated,Deli,0.327,1238.84,13,1143,1497,23.439,41.258,64.697,Yes,2,2.45,0.87,53,,,
LD294_20,CL087_20,12/12/2020,11/2/2021,hot,control,Deli,0.416,1095.55,21,1738,4238,26.394,40.788,67.182,Yes,2,2.84,0.89,61,,,
LD311_20,CL093_20,31/12/2020,21/2/2021,cold,ablated,Deli,0.276,620.098,19,NA,NA,22.91,32.631,55.541,Yes,2,9.01,3.74,52,,,
LD312_20,CL093_20,13/12/2020,2/3/2021,hot,ablated,Deli,0.325,191.535,2,NA,NA,24.108,40.238,64.346,Yes,2,4.56,1.67,79,,,
LD332_20,CL097_20,15/12/2020,21/2/2021,hot,control,Deli,0.351,936.127,19,1691,NA,25.365,NA,NA,Yes,2,3.47,1.06,68,,,
LD333_20,CL097_20,2/1/2021,2/3/2021,cold,ablated,Deli,0.263,1101.21,10,629,1889,22.451,32.773,55.224,Yes,2,25.94,17.3,59,,,
LD336_20,CL098_20,14/12/2020,2/3/2021,hot,control,Deli,0.327,175.198,159,NA,NA,21.897,NA,NA,Yes,2,4.7,1.44,78,,,
LD342_20,CL100_20,27/12/2020,31/1/2021,cold,control,Deli,0.248,1528.01,NA,NA,NA,23.881,33.619,57.5,Yes,2,3.87,1.24,35,,,
LD345_20,CL101_20,31/12/2020,2/3/2021,cold,control,Deli,0.302,221.85,2,1875,2506,23.633,31.347,54.98,Yes,2,3.02,1.37,61,,,
LD349_20,CL102_20,3/1/2021,2/3/2021,cold,control,Deli,0.22,671.728,30,5031,NA,21.164,31.841,53.005,Yes,2,2.68,0.79,58,,,
LD353_20,CL103_20,17/12/2020,2/3/2021,hot,control,Deli,0.398,460.527,1,686,1892,24.029,NA,NA,Yes,2,2.15,0.65,75,,,
LD358_20,CL104_20,3/1/2021,21/2/2021,cold,ablated,Deli,0.192,588.665,3,1451,4178,20.821,24.967,45.788,Yes,2,48.8,31.72,49,,,
LD361_20,CL104_20,18/12/2020,31/1/2021,hot,ablated,Deli,0.257,949.495,17,2352,3739,21.392,35.761,57.153,Yes,2,4.84,1.88,44,,,
LD365_20,CL105_20,15/12/2020,11/2/2021,hot,ablated,Deli,0.256,1266.5,2,1287,1361,22.08,34.559,56.639,Yes,2,4.15,1.33,58,,,
LD374_20,CL109_20,19/12/2020,11/2/2021,hot,ablated,Deli,0.228,474.413,6,NA,NA,21.585,NA,NA,Yes,2,4.31,1.2,54,tail tip is invisible,,
LD378_20,CL111_20,7/1/2021,21/2/2021,cold,ablated,Deli,0.299,551.268,3,699,3834,22.926,30.196,53.122,Yes,2,6.28,1.75,45,,,
LD383_20,CL111_20,19/12/2020,11/2/2021,hot,ablated,Deli,0.242,260.107,44,4088,NA,23.146,35.483,58.629,Yes,2,3.21,0.95,54,,,
LD386_20,CL112_20,9/1/2021,2/3/2021,cold,ablated,Deli,0.334,537.732,27,4498,NA,23.609,29.225,52.834,Yes,2,3.4,1.09,52,,,
LD387_20,CL112_20,22/12/2020,21/2/2021,hot,ablated,Deli,0.418,861.485,14,1152,2737,27.17,41.069,68.239,Yes,2,4.01,1.28,61,,,
LD390_20,CL114_20,6/1/2021,21/2/2021,cold,ablated,Deli,0.242,846.309,4,2125,2547,21.512,32.253,53.765,Yes,2,2.86,1.03,46,,,
LD396_20,CL115_20,7/1/2021,2/3/2021,cold,control,Deli,0.279,1103.01,13,1926,2137,24.188,34.132,58.32,Yes,2,3.34,1.11,54,,,
LD408_20,CL120_20,8/1/2021,2/3/2021,cold,ablated,Deli,0.349,228.458,4,1934,NA,25.893,34.618,60.511,Yes,2,3.99,1.38,53,,,
LD416_20,CL123_20,9/1/2021,21/2/2021,cold,control,Deli,0.252,1054.55,70,443,829,23.622,29.731,53.353,Yes,2,2.35,0.68,43,,,
LD419_20,CL124_20,27/12/2020,31/1/2021,hot,control,Deli,0.196,381.827,12,NA,NA,21.269,27.942,49.211,Yes,2,4.11,1.34,35,,,
LD423_20,CL125_20,25/12/2020,21/2/2021,hot,ablated,Deli,0.28,803.434,10,886,1707,23.383,28.544,51.927,No,2,6.64,2.03,58,,drop 1cm tail,
LD426_20,CL125_20,10/1/2021,21/2/2021,cold,control,Deli,0.209,514.295,18,2462,2937,21.322,30.629,51.951,Yes,2,3.1,0.89,42,,,
LD430_20,CL127_20,26/12/2020,31/1/2021,hot,ablated,Deli,0.226,326.009,10,838,841,NA,NA,NA,Yes,2,5.96,1.6,36,cannot see cloaca,V2.2 wrong,"DAY 3 All NA, WRONG"
LD432_20,CL127_20,28/12/2020,21/2/2021,hot,control,Deli,0.33,211.338,1,NA,NA,23.24,34.173,57.413,Yes,2,2.92,0.86,55,,,
LD442_20,CL129_20,28/12/2020,11/2/2021,hot,ablated,Deli,0.238,811.828,7,NA,NA,22.747,NA,NA,Yes,2,2.68,0.81,45,tail tip is invisible,,
LD469_20,CL140_20,3/1/2021,21/2/2021,hot,control,Deli,0.208,886.048,3,NA,NA,20.377,27.697,48.074,Yes,2,6.88,2.47,49,,,
LD482_20,CL142_20,31/12/2020,2/3/2021,hot,ablated,Deli,0.308,192.998,4,NA,NA,23.152,36.71,59.862,Yes,2,4.82,1.5,61,,,
LD490_20,CL145_20,1/1/2021,2/3/2021,hot,ablated,Deli,0.291,646.936,50,NA,NA,24.117,36.264,60.381,Yes,2,5.07,1.54,60,,,
LD493_20,CL146_20,7/1/2021,21/2/2021,hot,control,Deli,0.228,238.079,1,222,367,20.539,31.12,51.659,Yes,2,9.28,6.16,45,,,
LD496_20,CL147_20,29/12/2020,21/2/2021,hot,control,Deli,0.335,435.208,4,5794,NA,NA,NA,NA,Yes,2,7.31,4.41,54,no photo,,
LD503_20,CL149_20,5/1/2021,2/3/2021,hot,control,Deli,0.301,1199.22,2,NA,NA,24.616,32.74,57.356,Yes,2,4.7,1.34,56,,,
LD532_20,CL155_20,4/1/2021,2/3/2021,hot,control,Deli,0.28,139.535,9,2501,NA,24.072,36.011,60.083,Yes,2,3,0.85,57,,,
LG029_20,CL009_20,8/12/2020,31/1/2021,cold,control,Guich,0.387,661.263,12,376,1982,27.189,NA,NA,Yes,2,2.57,0.95,54,tail tip is invisible,,
LG032_20,CL011_20,11/12/2020,31/1/2021,cold,control,Guich,0.397,848.427,2,31,2374,27.205,NA,NA,Yes,2,4.51,1.35,51,,,
LG039_20,CL013_20,9/12/2020,31/1/2021,cold,control,Guich,0.376,1401.58,229,741,1565,28.52,NA,NA,Yes,2,7.55,2.13,53,tail tip is invisible,,
LG053_20,CL017_20,13/12/2020,31/1/2021,cold,ablated,Guich,0.379,573.576,4,790,3920,NA,NA,NA,Yes,2,2.72,0.95,49,too blurred to set scale,,
LG055_20,CL018_20,26/11/2020,21/2/2021,hot,control,Guich,0.575,NA,14,985,NA,29.692,45.963,75.655,No,2,3.77,1.32,87,stick to tape before sprint speed,,
LG056_20,CL018_20,16/12/2020,31/1/2021,cold,ablated,Guich,0.401,684.143,5,3789,NA,24.392,37.651,62.043,Yes,2,6.11,1.89,46,,,
LG067_20,CL021_20,27/11/2020,31/1/2021,hot,ablated,Guich,0.564,300.48,4,2271,4211,27.499,42.231,69.73,Yes,2,5.16,1.62,65,,,
LG068_20,CL021_20,27/11/2020,31/1/2021,hot,control,Guich,0.479,434.551,1,1138,1693,29.281,39.712,68.993,Yes,2,2.65,0.87,65,,,
LG069_20,CL022_20,17/12/2020,31/1/2021,cold,control,Guich,0.327,171.327,29,189,284,24.957,38.847,63.804,Yes,2,2.91,0.95,45,,,
LG084_20,CL025_20,25/12/2020,2/3/2021,cold,control,Guich,0.469,1512.84,3,4476,NA,NA,NA,NA,Yes,2,3.1,0.95,67,"no photo, probably with wrong ID",,
LG087_20,CL026_20,1/12/2020,11/2/2021,hot,ablated,Guich,0.532,382.67,4,333,2413,31.193,46.487,77.68,Yes,2,3.85,1.76,72,,,
LG088_20,CL026_20,21/12/2020,21/2/2021,cold,ablated,Guich,0.374,541.1,7,8,719,NA,NA,NA,Yes,2,3.81,1.21,62,cannot see cloaca,V2.4 wrong,
LG089_20,CL026_20,21/12/2020,31/1/2021,cold,control,Guich,0.416,1618.09,76,429,1363,27.481,41.226,68.707,Yes,2,6.91,2.92,41,,,second run
LG097_20,CL029_20,2/12/2020,31/1/2021,hot,ablated,Guich,0.457,769.358,7,1375,3253,26.372,43.668,70.04,Yes,2,4.6,1.3,60,,,
LG100_20,CL029_20,21/12/2020,11/2/2021,cold,ablated,Guich,0.388,1018.67,26,197,522,27.365,39.322,66.687,Yes,2,2.64,0.85,52,wrong V1.1,,
LG101_20,CL029_20,1/12/2020,31/1/2021,hot,control,Guich,0.461,420.734,161,1844,NA,29.664,42.346,72.01,Yes,2,2.04,0.7,61,,,
LG102_20,CL029_20,22/12/2020,31/1/2021,cold,control,Guich,0.359,795.676,1,840,3779,23.94,35.209,59.149,Yes,2,9.44,2.78,40,,,
LG104_20,CL030_20,23/12/2020,21/2/2021,cold,ablated,Guich,0.545,48.0145,5,1000,1019,26.245,41.193,67.438,Yes,2,4.7,1.71,60,,,
LG109_20,CL030_20,23/12/2020,11/2/2021,cold,ablated,Guich,0.333,1158.01,2,49,1003,23.241,35.779,59.02,Yes,2,2.47,0.85,50,,,
LG111_20,CL031_20,21/12/2020,11/2/2021,cold,ablated,Guich,0.342,1764.27,9,28,1526,25.947,37.045,62.992,Yes,2,4.18,1.7,52,,,
LG112_20,CL031_20,23/12/2020,11/2/2021,cold,ablated,Guich,0.355,139.023,15,497,740,25.916,39.144,65.06,Yes,2,4.01,1.5,50,,,
LG113_20,CL031_20,20/12/2020,11/2/2021,cold,control,Guich,0.313,2082.29,24,127,449,25.495,37.362,62.857,Yes,2,3.01,1.1,53,,,
LG118_20,CL032_20,22/12/2020,11/2/2021,cold,control,Guich,0.306,481.029,5,303,382,23.163,32.574,55.737,Yes,2,5.21,2.18,51,,,
LG121_20,CL033_20,3/12/2020,31/1/2021,cold,ablated,Guich,0.422,645.345,39,1174,2835,24.419,34.841,59.26,Yes,2,4.01,1.6,59,,,
LG122_20,CL034_20,4/12/2020,31/1/2021,hot,ablated,Guich,0.346,1433.08,66,256,1797,25.821,36.934,62.755,Yes,2,2.93,0.81,58,,,
LG135_20,CL038_20,6/12/2020,11/2/2021,hot,control,Guich,0.529,593.275,26,NA,NA,28.481,NA,NA,Yes,2,4.16,1.58,67,tail tip is invisible,,
LG141_20,CL040_20,24/12/2020,31/1/2021,cold,ablated,Guich,0.468,1271.52,8,264,NA,26.249,41.329,67.578,Yes,2,5.52,1.77,38,,,
LG142_20,CL041_20,26/12/2020,21/2/2021,cold,ablated,Guich,0.346,284.865,24,1122,3378,25.001,NA,NA,Yes,2,3.96,1.2,57,,,
LG144_20,CL042_20,3/12/2020,31/1/2021,hot,ablated,Guich,0.453,1664.26,189,695,1087,27.927,40.804,68.731,Yes,2,3.21,1.04,59,,,
LG145_20,CL043_20,6/12/2020,11/2/2021,hot,control,Guich,0.393,1076.58,3,5812,NA,27.189,37.898,65.087,Yes,2,5.05,1.46,67,,,
LG147_20,CL044_20,29/12/2020,21/2/2021,cold,ablated,Guich,0.416,742.369,2,446,2268,NA,NA,NA,Yes,2,3.43,1.44,54,no photo,,
LG148_20,CL044_20,6/12/2020,11/2/2021,hot,ablated,Guich,0.439,782.722,10,474,746,28.577,39.293,67.87,Yes,2,4.57,1.26,67,,,
LG149_20,CL044_20,7/12/2020,31/1/2021,hot,control,Guich,0.441,493.048,1,1526,1783,29.464,36.962,66.426,Yes,2,3.56,1.29,55,V1.2 wrong,,
LG150_20,CL044_20,29/12/2020,11/2/2021,cold,control,Guich,0.326,823.147,2,3436,NA,24.868,33.603,58.471,Yes,2,13.3,3.83,44,,,
LG159_20,CL047_20,7/12/2020,2/3/2021,hot,control,Guich,0.59,938.842,74,692,1121,28.258,49.537,77.795,Yes,2,4.13,1.43,85,,,
LG160_20,CL047_20,24/12/2020,31/1/2021,cold,ablated,Guich,0.476,675.094,8,132,474,28.591,39.573,68.164,Yes,2,5.37,1.63,38,,,
LG174_20,CL051_20,26/12/2020,31/1/2021,cold,ablated,Guich,0.367,688.869,9,1410,3410,24.941,NA,NA,No,2,3.48,1,36,drop 1cm tail before measurement,,
LG176_20,CL051_20,6/12/2020,21/2/2021,hot,control,Guich,0.626,222.555,6,1180,NA,30.107,50.163,80.27,Yes,2,4.61,1.55,77,,,
LG195_20,CL056_20,8/12/2020,21/2/2021,hot,control,Guich,0.469,592.744,2,88,1739,29.483,41.951,71.434,Yes,2,3.58,1.46,75,,,
LG197_20,CL056_20,29/12/2020,11/2/2021,cold,ablated,Guich,0.254,654.911,3,2572,NA,24.01,32.081,56.091,Yes,2,3.43,1.01,44,,,
LG212_20,CL061_20,9/12/2020,31/1/2021,hot,control,Guich,0.416,1099.01,4,NA,NA,26.336,NA,NA,Yes,2,3.04,1.25,53,tail tip is invisible,,
LG213_20,CL061_20,30/12/2020,11/2/2021,cold,ablated,Guich,0.278,552.99,14,88,425,22.356,31.747,54.103,Yes,2,3.72,1.16,43,,,
LG214_20,CL062_20,9/12/2020,2/3/2021,hot,control,Guich,0.505,911.787,170,1027,1063,28.484,43.116,71.6,Yes,2,2.79,0.86,83,,,
LG217_20,CL063_20,8/12/2020,11/2/2021,hot,control,Guich,0.451,836.394,50,85,656,26.533,41.963,68.496,Yes,2,3.39,1.02,65,,,
LG219_20,CL064_20,10/12/2020,2/3/2021,hot,control,Guich,0.61,829.725,12,23,50,27.977,49.313,77.29,Yes,2,4.74,1.75,82,,,
LG220_20,CL064_20,9/12/2020,21/2/2021,hot,ablated,Guich,0.56,932.61,23,591,782,30.116,49.127,79.243,Yes,2,3.07,1.14,74,,,
LG222_20,CL065_20,27/12/2020,2/3/2021,cold,ablated,Guich,0.431,676.192,5,2522,3213,27.374,38.701,66.075,Yes,2,3.8,1.61,65,has two photos,,
LG224_20,CL065_20,8/12/2020,21/2/2021,hot,control,Guich,0.445,1401.19,NA,NA,NA,26.458,40.514,66.972,Yes,2,5.72,2.17,75,,,
LG225_20,CL065_20,29/12/2020,11/2/2021,cold,control,Guich,0.267,589.623,87,269,NA,23.143,34.289,57.432,Yes,2,3.38,1,44,,,
LG230_20,CL067_20,30/12/2020,21/2/2021,cold,control,Guich,0.321,903.274,32,508,1718,25.059,34.191,59.25,Yes,2,2.42,0.76,53,,,
LG231_20,CL067_20,29/12/2020,21/2/2021,cold,ablated,Guich,0.302,1038.99,11,428,431,22.947,32.477,55.424,Yes,2,3.58,1.29,54,,,
LG233_20,CL068_20,30/12/2020,11/2/2021,cold,control,Guich,0.369,313.714,22,1206,1932,24.89,38.769,63.659,Yes,2,2.9,0.93,43,,,
LG234_20,CL068_20,30/12/2020,2/3/2021,cold,ablated,Guich,0.351,1579.86,NA,NA,NA,23.754,35.988,59.742,Yes,2,12.05,8.57,62,,,
LG247_20,CL072_20,31/12/2020,11/2/2021,cold,control,Guich,0.294,562.763,12,2173,NA,25.007,NA,NA,Yes,2,5.28,1.88,42,tail tip is invisible,,
LG252_20,CL074_20,1/1/2021,2/3/2021,cold,control,Guich,0.381,462.524,26,NA,NA,25.449,38.531,63.98,Yes,2,18.42,6.07,60,,,
LG272_20,CL081_20,13/12/2020,21/2/2021,hot,control,Guich,0.53,468.549,3,391,NA,28.565,43.142,71.707,Yes,2,3.19,1.15,70,,,
LG274_20,CL081_20,12/12/2020,2/3/2021,hot,ablated,Guich,0.585,748.798,4,780,NA,29.628,44.241,73.869,Yes,2,3.2,0.97,80,,,
LG276_20,CL082_20,11/12/2020,2/3/2021,hot,ablated,Guich,0.49,817.229,11,149,NA,29.512,NA,NA,Yes,2,2.41,0.79,81,,,
LG296_20,CL088_20,15/12/2020,11/2/2021,hot,ablated,Guich,0.345,976.789,12,359,709,25.041,NA,NA,Yes,2,7.71,2.29,58,tail tip is invisible,,
LG297_20,CL089_20,13/12/2020,21/2/2021,hot,control,Guich,0.438,1660.73,15,351,580,26.814,42.742,69.556,Yes,2,1.94,0.64,70,,,
LG300_20,CL090_20,16/12/2020,31/1/2021,hot,control,Guich,0.423,626.167,4,806,1754,25.145,42.529,67.674,Yes,2,2.79,0.82,46,,,
LG304_20,CL091_20,12/12/2020,11/2/2021,hot,ablated,Guich,0.418,1831.65,21,299,352,25.249,NA,NA,Yes,2,3.02,0.82,61,tail tip is invisible,,
LG305_20,CL092_20,3/1/2021,21/2/2021,cold,control,Guich,0.23,491.232,2,97,380,22.188,30.59,52.778,Yes,2,4.74,1.48,49,,,
LG306_20,CL092_20,14/12/2020,11/2/2021,hot,control,Guich,0.49,502.659,18,1288,NA,26.816,NA,NA,Yes,2,6.96,2.29,59,tail tip is invisible,,
LG307_20,CL092_20,3/1/2021,21/2/2021,cold,ablated,Guich,0.257,1097.3,32,820,1317,23.207,31.873,55.08,Yes,2,4.82,1.63,49,,,
LG314_20,CL094_20,3/1/2021,2/3/2021,cold,ablated,Guich,0.197,1179.02,4,1049,1227,21.076,27.99,49.066,Yes,2,5.91,2.6,58,,,
LG315_20,CL094_20,15/12/2020,11/2/2021,hot,ablated,Guich,0.293,NA,2,815,1531,24.262,36.55,60.812,Yes,2,40.9,14,58,,,
LG316_20,CL095_20,19/12/2020,2/3/2021,hot,ablated,Guich,0.516,835.222,2,1365,NA,26.215,NA,NA,Yes,2,4.21,1.43,73,recorded as LG319,,
LG317_20,CL095_20,7/1/2021,21/2/2021,cold,control,Guich,0.339,982.04,20,497,1020,24.469,36.589,61.058,Yes,2,3.62,1.53,45,,,
LG318_20,CL095_20,17/12/2020,11/2/2021,hot,control,Guich,0.42,1110.85,3,157,275,27.078,42.079,69.157,Yes,2,4.46,1.77,56,,,
LG320_20,CL095_20,19/12/2020,31/1/2021,hot,ablated,Guich,0.402,403.348,6,303,NA,26.675,42.074,68.749,Yes,2,4.54,1.42,43,,,
LG321_20,CL095_20,7/1/2021,21/2/2021,cold,control,Guich,0.245,1031.07,18,26,403,22.872,31.149,54.021,Yes,2,3.81,1.05,45,,,
LG322_20,CL095_20,18/12/2020,31/1/2021,hot,control,Guich,0.347,680.993,3,1273,1347,26.293,38.721,65.014,Yes,2,5.21,1.42,44,,,
LG324_20,CL096_20,18/12/2020,31/1/2021,hot,ablated,Guich,0.393,536.52,2,2187,4032,26.835,NA,NA,Yes,2,3.64,1.15,44,tail tip is invisible,,
LG325_20,CL096_20,6/1/2021,21/2/2021,cold,control,Guich,0.299,551.449,21,1109,1394,23.306,36.422,59.728,Yes,2,2.87,0.91,46,,,
LG341_20,CL099_20,3/1/2021,2/3/2021,cold,ablated,Guich,0.241,1029.05,5,203,454,22.511,30.771,53.282,Yes,2,20.34,6.13,58,,,
LG366_20,CL106_20,8/1/2021,2/3/2021,cold,control,Guich,0.324,165.638,3,1433,2095,25.207,34.376,59.583,Yes,2,4.05,1.23,53,,,
LG368_20,CL107_20,18/12/2020,21/2/2021,hot,ablated,Guich,0.395,627.567,40,219,527,26.057,39.706,65.763,Yes,2,4.96,1.71,65,,,
LG377_20,CL110_20,8/1/2021,2/3/2021,cold,control,Guich,0.35,439.598,36,NA,NA,25.643,NA,NA,Yes,2,6.98,1.88,53,,,
LG411_20,CL122_20,25/12/2020,11/2/2021,hot,control,Guich,0.34,1578.71,4,495,1215,NA,NA,NA,Yes,2,5.83,2.48,48,cannot see cloaca,,
LG413_20,CL122_20,9/1/2021,21/2/2021,cold,control,Guich,0.299,500.229,16,859,1383,23.326,NA,NA,Yes,2,7.01,3.03,43,part of tail is invisible,,
LG414_20,CL122_20,24/12/2020,21/2/2021,hot,ablated,Guich,0.515,862.39,17,134,311,27.309,45.761,73.07,Yes,2,4.95,1.81,59,,,
LG450_20,CL133_20,30/12/2020,21/2/2021,hot,ablated,Guich,0.329,590.828,4,5415,NA,27.811,39.267,67.078,Yes,2,3.83,1.21,53,,,
LG455_20,CL135_20,31/12/2020,11/2/2021,hot,ablated,Guich,0.281,631.986,10,1293,1663,24.615,36.159,60.774,Yes,2,3.63,1.24,42,,,
LG457_20,CL136_20,31/12/2020,2/3/2021,hot,ablated,Guich,0.374,132.02,1,133,515,26.456,34.221,60.677,Yes,2,5.86,2.69,61,,,
LG467_20,CL139_20,2/1/2021,21/2/2021,hot,ablated,Guich,0.329,422.653,2,645,715,23.438,NA,NA,Yes,2,13.7,9.33,50,,,
LG548_20,CL161_20,10/1/2021,21/2/2021,hot,ablated,Guich,0.245,821.626,3,147,224,22.241,33.678,55.919,Yes,2,4.81,1.8,42,,,
LG549_20,CL161_20,10/1/2021,2/3/2021,hot,control,Guich,0.36,1134.42,9,751,3312,25.804,NA,NA,Yes,2,7.06,2.39,51,,,
LD021_20,CL007_20,1/12/2020,31/1/2021,cold,ablated,Deli,0.503,1036.1,NA,NA,NA,28.506,NA,NA,Yes,3,2.91,1.21,61,tail tip is invisible,,
LD027_20,CL008_20,8/12/2020,31/1/2021,cold,control,Deli,0.324,722.443,27,932,2376,25.34,36.999,62.339,Yes,3,2.38,0.65,54,,,
LD035_20,CL012_20,7/12/2020,11/2/2021,cold,control,Deli,0.359,45.4606,2,802,2945,26.035,35.531,61.566,Yes,3,3.19,1.08,66,,,
LD046_20,CL015_20,24/11/2020,31/1/2021,hot,ablated,Deli,0.321,63.0032,234,NA,NA,25.036,40.75,65.786,Yes,3,12.08,4.26,68,,,
LD047_20,CL015_20,10/12/2020,31/1/2021,cold,control,Deli,0.345,249.61,13,3017,4049,25.286,NA,NA,Yes,3,3.25,1,52,tail tip is invisible,,
LD049_20,CL016_20,14/12/2020,31/1/2021,cold,control,Deli,0.288,861.285,9,NA,NA,23.907,36.375,60.282,Yes,3,2.52,0.69,48,,,
LD050_20,CL016_20,16/12/2020,11/2/2021,cold,ablated,Deli,0.316,951.825,320,332,880,24.177,36.386,60.563,Yes,3,5.73,1.69,57,,,
LD058_20,CL019_20,24/11/2020,31/1/2021,hot,ablated,Deli,0.398,467.619,13,1147,1260,25.3,45.39,70.69,Yes,3,2.85,0.8,68,,,
LD061_20,CL020_20,25/11/2020,11/2/2021,hot,ablated,Deli,0.486,877.755,8,3860,NA,30.147,44.976,75.123,Yes,3,2.64,0.82,78,wrong V1.1,,
LD064_20,CL020_20,27/11/2020,21/2/2021,hot,control,Deli,0.472,622.611,16,1850,2076,25.883,NA,NA,Yes,3,1.94,0.58,86,has two photos,,
LD065_20,CL020_20,14/12/2020,21/2/2021,cold,control,Deli,0.55,128.411,24,1987,2589,NA,NA,NA,Yes,3,4.49,1.49,69,"no photo, probably with wrong ID (LD064)",,
LD074_20,CL023_20,19/12/2020,11/2/2021,cold,ablated,Deli,0.252,501.983,5,NA,NA,21.696,31.849,53.545,Yes,3,2.83,0.92,54,,,
LD076_20,CL023_20,18/12/2020,11/2/2021,cold,control,Deli,0.311,927.053,4,4253,NA,26.254,39.122,65.376,Yes,3,5.75,1.72,55,,,
LD090_20,CL027_20,16/12/2020,11/2/2021,cold,ablated,Deli,0.288,NA,12,314,465,23.669,35.379,59.048,Yes,3,1.72,0.56,57,,,
LD157_20,CL046_20,7/12/2020,11/2/2021,hot,control,Deli,0.314,1078.16,2,850,2299,24.832,33.64,58.472,Yes,3,3.12,0.92,66,,,
LD162_20,CL048_20,22/12/2020,31/1/2021,cold,ablated,Deli,0.273,461.072,8,1512,2752,22.761,29.021,51.782,Yes,3,3.24,1.25,40,,,
LD163_20,CL048_20,3/12/2020,2/3/2021,hot,ablated,Deli,0.403,462.851,3,2558,NA,26.14,43.022,69.162,Yes,3,6.25,1.74,89,,,
LD169_20,CL049_20,23/12/2020,11/2/2021,cold,control,Deli,0.328,1029.81,2,3707,5482,24.75,34.177,58.927,Yes,3,2.66,0.75,50,,,
LD172_20,CL050_20,3/12/2020,11/2/2021,hot,control,Deli,0.395,721.643,5,NA,NA,25.198,39.849,65.047,Yes,3,3.57,1.22,70,,,
LD173_20,CL050_20,23/12/2020,31/1/2021,cold,ablated,Deli,0.25,NA,NA,NA,NA,22.552,34.235,56.787,No,3,NA,0,39,tail drop during running,,"DAY 3 All NA, WRONG"
LD178_20,CL052_20,23/12/2020,11/2/2021,cold,ablated,Deli,0.252,914.252,9,284,NA,21.618,34.018,55.636,Yes,3,11.52,6.6,50,,,
LD181_20,CL052_20,23/12/2020,11/2/2021,cold,control,Deli,0.258,173.007,11,2146,2294,23.755,36.369,60.124,Yes,3,2.49,0.75,50,,,
LD182_20,CL053_20,27/12/2020,2/3/2021,cold,ablated,Deli,0.373,1087.85,5,3821,4276,25.429,40.404,65.833,Yes,3,19.19,11.09,65,,,
LD183_20,CL053_20,7/12/2020,21/2/2021,hot,ablated,Deli,0.476,240.34,2,4628,NA,27.473,NA,NA,Yes,3,8.17,5.73,76,,V2.3 wrong,
LD185_20,CL053_20,28/12/2020,2/3/2021,cold,control,Deli,0.296,911.627,1,2511,NA,23.516,31.79,55.306,Yes,3,4.03,1.21,64,,,
LD186_20,CL054_20,23/12/2020,31/1/2021,cold,ablated,Deli,0.29,104.514,11,1644,3305,23.113,32.654,55.767,Yes,3,4.63,1.74,39,,,
LD191_20,CL055_20,4/12/2020,31/1/2021,hot,ablated,Deli,0.363,1416.11,4,3134,3637,26.108,39.914,66.022,Yes,3,6.96,2.06,58,,,
LD192_20,CL055_20,24/12/2020,31/1/2021,hot,control,Deli,0.278,497.617,6,63,3101,22.841,NA,NA,Yes,3,7.22,2.2,38,,,
LD200_20,CL057_20,6/12/2020,11/2/2021,hot,control,Deli,0.331,832.52,1,NA,NA,25.999,NA,NA,Yes,3,4.09,1.44,67,tail tip is invisible,,
LD201_20,CL057_20,26/12/2020,11/2/2021,cold,control,Deli,0.268,912.871,2,1423,2029,23.051,38.254,61.305,Yes,3,4.65,2.97,47,,,
LD202_20,CL058_20,24/12/2020,21/2/2021,cold,ablated,Deli,0.262,1030.58,55,1804,2008,22.082,NA,NA,Yes,3,5.02,2.74,59,,,
LD204_20,CL058_20,6/12/2020,31/1/2021,hot,control,Deli,0.316,513.59,2,2006,3776,25.541,29.456,54.997,Yes,3,5.99,1.61,56,,,
LD209_20,CL059_20,24/12/2020,31/1/2021,cold,control,Deli,0.255,930.684,61,896,946,22.109,36.438,58.547,Yes,3,3.16,1.38,38,,Second run; turn back several times,
LD227_20,CL066_20,5/12/2020,11/2/2021,hot,ablated,Deli,0.322,793.288,5,4382,NA,27.068,NA,NA,Yes,3,15.03,5.55,68,tail tip is invisible,,
LD228_20,CL066_20,6/12/2020,11/2/2021,hot,control,Deli,0.334,721.355,33,NA,NA,25.13,36.875,62.005,Yes,3,3,0.99,67,,,
LD237_20,CL069_20,7/12/2020,1/2/2021,hot,control,Deli,0.374,844.186,3,NA,NA,25.094,38.84,63.934,Yes,3,3.97,1.28,56,weight and photo on Mon,,
LD238_20,CL069_20,23/12/2020,11/2/2021,cold,control,Deli,0.24,886.48,21,1475,2156,22.569,31.419,53.988,Yes,3,2.5,0.73,50,,,
LD241_20,CL070_20,25/12/2020,31/1/2021,cold,ablated,Deli,0.251,381.497,6,NA,NA,21.882,33.909,55.791,Yes,3,4.84,1.35,37,,,
LD242_20,CL070_20,8/12/2020,21/2/2021,hot,ablated,Deli,0.471,730.126,8,2605,4177,26.523,42.097,68.62,Yes,3,3.82,1.01,75,,,
LD243_20,CL070_20,25/12/2020,31/1/2021,cold,ablated,Deli,0.211,764.838,29,121,667,22.596,31.302,53.898,Yes,3,8.29,2.74,37,,,
LD257_20,Cl076_20,28/12/2020,11/2/2021,cold,ablated,Deli,0.259,777.678,5,1238,3108,21.873,33.795,55.668,Yes,3,3.68,1.36,45,,,
LD258_20,Cl076_20,8/12/2020,31/1/2021,hot,ablated,Deli,0.257,809.597,6,2872,4074,23.566,36.614,60.18,Yes,3,3.83,1.2,54,,,
LD263_20,CL078_20,12/12/2020,31/1/2021,hot,control,Deli,0.394,990.328,NA,NA,NA,27.002,42.175,69.177,Yes,3,4.49,1.37,50,,,
LD264_20,CL078_20,11/12/2020,21/2/2021,hot,ablated,Deli,0.383,786.662,2,2040,4263,25.559,40.586,66.145,Yes,3,2.46,0.89,72,,,
LD269_20,CL079_20,28/12/2020,21/2/2021,cold,control,Deli,0.383,909.59,7,829,2977,24.703,32.739,57.442,Yes,3,7,2.41,55,,,
LD280_20,CL084_20,11/12/2020,11/2/2021,hot,control,Deli,0.277,628.87,10,1243,1868,23.846,36.798,60.644,Yes,3,3.87,1.4,62,,,
LD281_20,CL084_20,11/12/2020,21/2/2021,hot,ablated,Deli,0.429,206.895,41,39,4419,26.948,37.733,64.681,Yes,3,3.78,1.45,72,,,
LD282_20,CL084_20,29/12/2020,11/2/2021,cold,ablated,Deli,0.229,505.737,15,NA,NA,23.016,31.173,54.189,Yes,3,5.78,1.82,44,,,
LD283_20,CL084_20,29/12/2020,21/2/2021,cold,control,Deli,0.295,664.541,1,1534,3429,22.994,34.573,57.567,Yes,3,3.74,1.12,54,,,
LD287_20,CL086_20,24/12/2020,31/1/2021,cold,control,Deli,0.21,451.075,27,1498,2332,20.72,31.569,52.289,Yes,3,2.79,0.91,38,,,
LD290_20,CL086_20,8/12/2020,31/1/2021,hot,control,Deli,0.362,707.942,4,1365,2870,26.745,35.738,62.483,Yes,3,3.81,1.36,54,,,
LD291_20,CL087_20,30/12/2020,21/2/2021,cold,control,Deli,0.312,397.446,2,1052,2274,24.936,35.737,60.673,No,3,4.04,1.22,53,stick to tape and drop ~2cm tail before sprint speed,,
LD292_20,CL087_20,30/12/2020,21/2/2021,cold,ablated,Deli,0.327,1425.68,1,1544,2622,23.439,41.258,64.697,Yes,3,3.22,1.01,53,,,
LD294_20,CL087_20,12/12/2020,11/2/2021,hot,control,Deli,0.416,903.692,8,698,945,26.394,40.788,67.182,Yes,3,3.59,0.98,61,,,
LD311_20,CL093_20,31/12/2020,21/2/2021,cold,ablated,Deli,0.276,519.224,2,NA,NA,22.91,32.631,55.541,Yes,3,9.78,7.79,52,,,
LD312_20,CL093_20,13/12/2020,2/3/2021,hot,ablated,Deli,0.325,400.088,1,2023,NA,24.108,40.238,64.346,Yes,3,5.13,2.63,79,,,
LD332_20,CL097_20,15/12/2020,21/2/2021,hot,control,Deli,0.351,955.304,77,573,3959,25.365,NA,NA,Yes,3,4.33,1.44,68,,,
LD333_20,CL097_20,2/1/2021,2/3/2021,cold,ablated,Deli,0.263,1341.85,4,505,1192,22.451,32.773,55.224,Yes,3,20.13,16.29,59,,,
LD336_20,CL098_20,14/12/2020,2/3/2021,hot,control,Deli,0.327,91.8333,2,NA,NA,21.897,NA,NA,Yes,3,3.86,1.13,78,,,
LD342_20,CL100_20,27/12/2020,31/1/2021,cold,control,Deli,0.248,681.754,NA,NA,NA,23.881,33.619,57.5,Yes,3,3.16,0.9,35,,,
LD345_20,CL101_20,31/12/2020,2/3/2021,cold,control,Deli,0.302,235.501,48,2894,4280,23.633,31.347,54.98,Yes,3,3.23,1.09,61,,,
LD349_20,CL102_20,3/1/2021,2/3/2021,cold,control,Deli,0.22,286.105,1,1137,2207,21.164,31.841,53.005,Yes,3,2.63,0.69,58,,,
LD353_20,CL103_20,17/12/2020,2/3/2021,hot,control,Deli,0.398,1119.82,10,1310,1872,24.029,NA,NA,Yes,3,2.21,0.71,75,,,
LD358_20,CL104_20,3/1/2021,21/2/2021,cold,ablated,Deli,0.192,790.438,3,2315,3541,20.821,24.967,45.788,Yes,3,2.78,0.84,49,,,
LD361_20,CL104_20,18/12/2020,31/1/2021,hot,ablated,Deli,0.257,1034.77,2,2044,2914,21.392,35.761,57.153,Yes,3,8.75,3.11,44,,,
LD365_20,CL105_20,15/12/2020,11/2/2021,hot,ablated,Deli,0.256,1535.96,35,332,424,22.08,34.559,56.639,Yes,3,3.4,1.02,58,,,
LD374_20,CL109_20,19/12/2020,11/2/2021,hot,ablated,Deli,0.228,769.589,2,NA,NA,21.585,NA,NA,Yes,3,6.22,2.03,54,tail tip is invisible,,
LD378_20,CL111_20,7/1/2021,21/2/2021,cold,ablated,Deli,0.299,869.699,5,126,1808,22.926,30.196,53.122,Yes,3,9.99,2.86,45,,,
LD383_20,CL111_20,19/12/2020,11/2/2021,hot,ablated,Deli,0.242,404.973,48,NA,NA,23.146,35.483,58.629,Yes,3,3.22,0.93,54,,,
LD386_20,CL112_20,9/1/2021,2/3/2021,cold,ablated,Deli,0.334,466.942,6,316,883,23.609,29.225,52.834,Yes,3,3.34,1.12,52,,,
LD387_20,CL112_20,22/12/2020,21/2/2021,hot,ablated,Deli,0.418,480.632,12,1351,2276,27.17,41.069,68.239,Yes,3,5.23,1.86,61,,,
LD390_20,CL114_20,6/1/2021,21/2/2021,cold,ablated,Deli,0.242,917.995,13,1803,NA,21.512,32.253,53.765,Yes,3,7.85,5.13,46,,,
LD396_20,CL115_20,7/1/2021,2/3/2021,cold,control,Deli,0.279,498.125,17,2454,2581,24.188,34.132,58.32,Yes,3,2.65,0.75,54,,,
LD408_20,CL120_20,8/1/2021,2/3/2021,cold,ablated,Deli,0.349,241.621,7,4847,NA,25.893,34.618,60.511,Yes,3,4.58,1.23,53,,,
LD416_20,CL123_20,9/1/2021,21/2/2021,cold,control,Deli,0.252,632.398,3,3833,NA,23.622,29.731,53.353,Yes,3,2.81,0.8,43,,,
LD419_20,CL124_20,27/12/2020,31/1/2021,hot,control,Deli,0.196,681.459,6,NA,NA,21.269,27.942,49.211,Yes,3,6.49,2.94,35,,,
LD423_20,CL125_20,25/12/2020,21/2/2021,hot,ablated,Deli,0.28,558.782,3,1327,1926,23.383,28.544,51.927,No,3,12.5,4.12,58,,drop 1cm tail,
LD426_20,CL125_20,10/1/2021,21/2/2021,cold,control,Deli,0.209,613.425,7,2843,3693,21.322,30.629,51.951,Yes,3,3.44,1.37,42,,,
LD430_20,CL127_20,26/12/2020,31/1/2021,hot,ablated,Deli,0.226,NA,NA,NA,NA,NA,NA,NA,Yes,3,NA,0,36,cannot see cloaca,V2.2 wrong,"DAY 3 All NA, WRONG"
LD432_20,CL127_20,28/12/2020,21/2/2021,hot,control,Deli,0.33,664.865,168,NA,NA,23.24,34.173,57.413,Yes,3,2.36,0.68,55,,,
LD442_20,CL129_20,28/12/2020,11/2/2021,hot,ablated,Deli,0.238,779.085,2,1793,2457,22.747,NA,NA,Yes,3,2.34,0.66,45,tail tip is invisible,,
LD469_20,CL140_20,3/1/2021,21/2/2021,hot,control,Deli,0.208,848.604,5,NA,NA,20.377,27.697,48.074,Yes,3,7.02,2.3,49,,,
LD482_20,CL142_20,31/12/2020,2/3/2021,hot,ablated,Deli,0.308,387.933,12,NA,NA,23.152,36.71,59.862,Yes,3,5.34,1.51,61,,,
LD490_20,CL145_20,1/1/2021,2/3/2021,hot,ablated,Deli,0.291,199.68,4,4604,NA,24.117,36.264,60.381,Yes,3,5.45,1.55,60,,,
LD493_20,CL146_20,7/1/2021,21/2/2021,hot,control,Deli,0.228,711.105,9,639,712,20.539,31.12,51.659,Yes,3,2.91,0.88,45,,,
LD496_20,CL147_20,29/12/2020,21/2/2021,hot,control,Deli,0.335,518.938,3,2764,3718,NA,NA,NA,Yes,3,4.52,1.42,54,no photo,,
LD503_20,CL149_20,5/1/2021,2/3/2021,hot,control,Deli,0.301,1082.36,2,1431,NA,24.616,32.74,57.356,Yes,3,9.05,3.49,56,,,
LD532_20,CL155_20,4/1/2021,2/3/2021,hot,control,Deli,0.28,194.128,19,2666,4359,24.072,36.011,60.083,Yes,3,2.49,0.83,57,,,
LG029_20,CL009_20,8/12/2020,31/1/2021,cold,control,Guich,0.387,1775.3,NA,NA,NA,27.189,NA,NA,Yes,3,2.83,0.93,54,tail tip is invisible,,
LG032_20,CL011_20,11/12/2020,31/1/2021,cold,control,Guich,0.397,726.237,12,18,749,27.205,NA,NA,Yes,3,9.35,4.13,51,,,
LG039_20,CL013_20,9/12/2020,31/1/2021,cold,control,Guich,0.376,1103.15,144,648,869,28.52,NA,NA,Yes,3,6.34,2.13,53,tail tip is invisible,*came out to catch a spider! Haha. After that 10:54:03,
LG053_20,CL017_20,13/12/2020,31/1/2021,cold,ablated,Guich,0.379,743.343,3,1131,3535,NA,NA,NA,Yes,3,4.05,1.72,49,too blurred to set scale,,
LG055_20,CL018_20,26/11/2020,21/2/2021,hot,control,Guich,0.575,NA,31,673,3653,29.692,45.963,75.655,No,3,7.73,2.78,87,stick to tape before sprint speed,,
LG056_20,CL018_20,16/12/2020,31/1/2021,cold,ablated,Guich,0.401,1011.75,6,4597,5132,24.392,37.651,62.043,Yes,3,11.55,3.21,46,,,
LG067_20,CL021_20,27/11/2020,31/1/2021,hot,ablated,Guich,0.564,325.124,4,702,1016,27.499,42.231,69.73,Yes,3,4.25,1.53,65,,,
LG068_20,CL021_20,27/11/2020,31/1/2021,hot,control,Guich,0.479,696.964,1,466,1034,29.281,39.712,68.993,Yes,3,3.17,1.38,65,,,
LG069_20,CL022_20,17/12/2020,31/1/2021,cold,control,Guich,0.327,559.346,70,236,598,24.957,38.847,63.804,Yes,3,2.93,1.17,45,,,
LG084_20,CL025_20,25/12/2020,2/3/2021,cold,control,Guich,0.469,863.049,15,938,1454,NA,NA,NA,Yes,3,4.17,1.46,67,"no photo, probably with wrong ID",,
LG087_20,CL026_20,1/12/2020,11/2/2021,hot,ablated,Guich,0.532,363.609,3,547,5234,31.193,46.487,77.68,Yes,3,2.9,1.15,72,,,
LG088_20,CL026_20,21/12/2020,21/2/2021,cold,ablated,Guich,0.374,745.028,43,145,646,NA,NA,NA,Yes,3,3.25,1.32,62,cannot see cloaca,V2.4 wrong,
LG089_20,CL026_20,21/12/2020,31/1/2021,cold,control,Guich,0.416,1309.1,2,127,1613,27.481,41.226,68.707,Yes,3,5.17,2.31,41,,,second run
LG097_20,CL029_20,2/12/2020,31/1/2021,hot,ablated,Guich,0.457,739.742,7,362,902,26.372,43.668,70.04,Yes,3,5.02,1.36,60,,,
LG100_20,CL029_20,21/12/2020,11/2/2021,cold,ablated,Guich,0.388,1765.7,39,190,476,27.365,39.322,66.687,Yes,3,2.07,0.63,52,wrong V1.1,,
LG101_20,CL029_20,1/12/2020,31/1/2021,hot,control,Guich,0.461,801.423,172,1937,NA,29.664,42.346,72.01,Yes,3,2.39,0.91,61,,,
LG102_20,CL029_20,22/12/2020,31/1/2021,cold,control,Guich,0.359,740.609,7,1464,NA,23.94,35.209,59.149,Yes,3,11.17,4.07,40,,,
LG104_20,CL030_20,23/12/2020,21/2/2021,cold,ablated,Guich,0.545,901.169,2,1143,4889,26.245,41.193,67.438,Yes,3,5.14,1.83,60,,,
LG109_20,CL030_20,23/12/2020,11/2/2021,cold,ablated,Guich,0.333,1648.01,43,1000,1418,23.241,35.779,59.02,Yes,3,3.75,1.31,50,,,
LG111_20,CL031_20,21/12/2020,11/2/2021,cold,ablated,Guich,0.342,1772.71,41,271,643,25.947,37.045,62.992,Yes,3,5.35,1.55,52,,,
LG112_20,CL031_20,23/12/2020,11/2/2021,cold,ablated,Guich,0.355,773.12,15,27,587,25.916,39.144,65.06,Yes,3,3.42,1.23,50,,,
LG113_20,CL031_20,20/12/2020,11/2/2021,cold,control,Guich,0.313,1572.88,81,994,1220,25.495,37.362,62.857,Yes,3,3.54,1.51,53,,,
LG118_20,CL032_20,22/12/2020,11/2/2021,cold,control,Guich,0.306,600.796,3,216,1100,23.163,32.574,55.737,Yes,3,4.44,1.41,51,,,
LG121_20,CL033_20,3/12/2020,31/1/2021,cold,ablated,Guich,0.422,417.782,2,1064,2832,24.419,34.841,59.26,Yes,3,2.94,0.85,59,,,
LG122_20,CL034_20,4/12/2020,31/1/2021,hot,ablated,Guich,0.346,1036.87,5,795,908,25.821,36.934,62.755,Yes,3,3.4,1.01,58,,,
LG135_20,CL038_20,6/12/2020,11/2/2021,hot,control,Guich,0.529,661.918,1,104,1463,28.481,NA,NA,Yes,3,3.08,1.13,67,tail tip is invisible,,
LG141_20,CL040_20,24/12/2020,31/1/2021,cold,ablated,Guich,0.468,1393.79,28,199,1922,26.249,41.329,67.578,Yes,3,4.67,1.74,38,,,
LG142_20,CL041_20,26/12/2020,21/2/2021,cold,ablated,Guich,0.346,424.755,3,889,2459,25.001,NA,NA,Yes,3,3.16,1.51,57,,,
LG144_20,CL042_20,3/12/2020,31/1/2021,hot,ablated,Guich,0.453,2055.46,25,30,86,27.927,40.804,68.731,Yes,3,4.4,2.14,59,,,
LG145_20,CL043_20,6/12/2020,11/2/2021,hot,control,Guich,0.393,1099.34,6,14,148,27.189,37.898,65.087,Yes,3,5.31,2.67,67,,,
LG147_20,CL044_20,29/12/2020,21/2/2021,cold,ablated,Guich,0.416,1259.27,5,358,1057,NA,NA,NA,Yes,3,4.25,1.54,54,no photo,,
LG148_20,CL044_20,6/12/2020,11/2/2021,hot,ablated,Guich,0.439,695.148,3,295,1010,28.577,39.293,67.87,Yes,3,3.12,1,67,,,
LG149_20,CL044_20,7/12/2020,31/1/2021,hot,control,Guich,0.441,1002.34,3,1503,1522,29.464,36.962,66.426,Yes,3,3.83,1.47,55,V1.2 wrong,,
LG150_20,CL044_20,29/12/2020,11/2/2021,cold,control,Guich,0.326,719.752,1,2135,NA,24.868,33.603,58.471,Yes,3,16.29,5.73,44,,,
LG159_20,CL047_20,7/12/2020,2/3/2021,hot,control,Guich,0.59,716.695,21,58,1293,28.258,49.537,77.795,Yes,3,9,4.03,85,,,
LG160_20,CL047_20,24/12/2020,31/1/2021,cold,ablated,Guich,0.476,809.354,2,8,335,28.591,39.573,68.164,Yes,3,11.51,4.48,38,,,
LG174_20,CL051_20,26/12/2020,31/1/2021,cold,ablated,Guich,0.367,866.166,72,408,499,24.941,NA,NA,No,3,5.01,1.58,36,drop 1cm tail before measurement,,
LG176_20,CL051_20,6/12/2020,21/2/2021,hot,control,Guich,0.626,603.834,11,3068,NA,30.107,50.163,80.27,Yes,3,5.66,2.31,77,,,
LG195_20,CL056_20,8/12/2020,21/2/2021,hot,control,Guich,0.469,369.508,7,84,1817,29.483,41.951,71.434,Yes,3,3.25,1.25,75,,,
LG197_20,CL056_20,29/12/2020,11/2/2021,cold,ablated,Guich,0.254,1463.03,8,3586,4073,24.01,32.081,56.091,Yes,3,2.68,0.85,44,,,
LG212_20,CL061_20,9/12/2020,31/1/2021,hot,control,Guich,0.416,1106.64,5,NA,NA,26.336,NA,NA,Yes,3,2.74,0.91,53,tail tip is invisible,,
LG213_20,CL061_20,30/12/2020,11/2/2021,cold,ablated,Guich,0.278,779.655,1,13,613,22.356,31.747,54.103,Yes,3,3.63,1.29,43,,,
LG214_20,CL062_20,9/12/2020,2/3/2021,hot,control,Guich,0.505,685.236,23,171,564,28.484,43.116,71.6,Yes,3,3.82,1.45,83,,,
LG217_20,CL063_20,8/12/2020,11/2/2021,hot,control,Guich,0.451,713.993,12,13,NA,26.533,41.963,68.496,Yes,3,3.28,0.98,65,,,
LG219_20,CL064_20,10/12/2020,2/3/2021,hot,control,Guich,0.61,1096.53,7,1250,1324,27.977,49.313,77.29,Yes,3,4.71,1.7,82,,,
LG220_20,CL064_20,9/12/2020,21/2/2021,hot,ablated,Guich,0.56,991.895,1,NA,NA,30.116,49.127,79.243,Yes,3,3.21,1.07,74,,,
LG222_20,CL065_20,27/12/2020,2/3/2021,cold,ablated,Guich,0.431,1336.11,76,93,394,27.374,38.701,66.075,Yes,3,3.59,1.33,65,has two photos,,
LG224_20,CL065_20,8/12/2020,21/2/2021,hot,control,Guich,0.445,1151.37,2,50,386,26.458,40.514,66.972,Yes,3,4.33,1.57,75,,,
LG225_20,CL065_20,29/12/2020,11/2/2021,cold,control,Guich,0.267,984.173,18,575,721,23.143,34.289,57.432,Yes,3,5.12,1.49,44,,,
LG230_20,CL067_20,30/12/2020,21/2/2021,cold,control,Guich,0.321,612.51,49,274,1396,25.059,34.191,59.25,Yes,3,2.65,0.85,53,,,
LG231_20,CL067_20,29/12/2020,21/2/2021,cold,ablated,Guich,0.302,986.894,32,282,NA,22.947,32.477,55.424,Yes,3,4.7,1.34,54,,,
LG233_20,CL068_20,30/12/2020,11/2/2021,cold,control,Guich,0.369,1061.61,13,1696,3717,24.89,38.769,63.659,Yes,3,3.06,0.93,43,,,
LG234_20,CL068_20,30/12/2020,2/3/2021,cold,ablated,Guich,0.351,1603.43,4,203,1218,23.754,35.988,59.742,Yes,3,2.54,0.9,62,,,
LG247_20,CL072_20,31/12/2020,11/2/2021,cold,control,Guich,0.294,362.013,11,556,NA,25.007,NA,NA,Yes,3,8.87,3.03,42,tail tip is invisible,,
LG252_20,CL074_20,1/1/2021,2/3/2021,cold,control,Guich,0.381,502.301,12,5169,NA,25.449,38.531,63.98,Yes,3,20.78,6.31,60,,,
LG272_20,CL081_20,13/12/2020,21/2/2021,hot,control,Guich,0.53,32.9457,11,NA,NA,28.565,43.142,71.707,Yes,3,3.39,1.35,70,,,
LG274_20,CL081_20,12/12/2020,2/3/2021,hot,ablated,Guich,0.585,649.306,4,593,2905,29.628,44.241,73.869,Yes,3,2.81,1.01,80,,,
LG276_20,CL082_20,11/12/2020,2/3/2021,hot,ablated,Guich,0.49,1065.53,24,40,663,29.512,NA,NA,Yes,3,5.19,2.43,81,,,
LG296_20,CL088_20,15/12/2020,11/2/2021,hot,ablated,Guich,0.345,1024.58,10,70,70,25.041,NA,NA,Yes,3,6.83,2.09,58,tail tip is invisible,,
LG297_20,CL089_20,13/12/2020,21/2/2021,hot,control,Guich,0.438,1557.38,2,65,117,26.814,42.742,69.556,Yes,3,5.8,4.21,70,,,
LG300_20,CL090_20,16/12/2020,31/1/2021,hot,control,Guich,0.423,1230.16,2,4225,4391,25.145,42.529,67.674,Yes,3,2.72,0.96,46,,,
LG304_20,CL091_20,12/12/2020,11/2/2021,hot,ablated,Guich,0.418,1244.62,3,213,NA,25.249,NA,NA,Yes,3,3.29,1.05,61,tail tip is invisible,,
LG305_20,CL092_20,3/1/2021,21/2/2021,cold,control,Guich,0.23,847.959,3,28,71,22.188,30.59,52.778,Yes,3,5.47,1.54,49,,,
LG306_20,CL092_20,14/12/2020,11/2/2021,hot,control,Guich,0.49,845.502,50,2295,NA,26.816,NA,NA,Yes,3,5.1,1.43,59,tail tip is invisible,,
LG307_20,CL092_20,3/1/2021,21/2/2021,cold,ablated,Guich,0.257,760.811,21,580,1049,23.207,31.873,55.08,Yes,3,3.98,1.14,49,,,
LG314_20,CL094_20,3/1/2021,2/3/2021,cold,ablated,Guich,0.197,35.9038,31,NA,NA,21.076,27.99,49.066,Yes,3,4.77,1.68,58,,,
LG315_20,CL094_20,15/12/2020,11/2/2021,hot,ablated,Guich,0.293,NA,8,467,3635,24.262,36.55,60.812,Yes,3,28.8,10,58,,,
LG316_20,CL095_20,19/12/2020,2/3/2021,hot,ablated,Guich,0.516,1298.71,1,1228,3429,26.215,NA,NA,Yes,3,3.69,1.03,73,recorded as LG319,,
LG317_20,CL095_20,7/1/2021,21/2/2021,cold,control,Guich,0.339,834.543,9,25,149,24.469,36.589,61.058,Yes,3,4.15,1.59,45,,,
LG318_20,CL095_20,17/12/2020,11/2/2021,hot,control,Guich,0.42,871.123,2,428,634,27.078,42.079,69.157,Yes,3,4.47,1.76,56,,,
LG320_20,CL095_20,19/12/2020,31/1/2021,hot,ablated,Guich,0.402,633.317,5,297,1109,26.675,42.074,68.749,Yes,3,4.85,1.52,43,,,
LG321_20,CL095_20,7/1/2021,21/2/2021,cold,control,Guich,0.245,931.142,10,109,126,22.872,31.149,54.021,Yes,3,5.41,1.59,45,,,
LG322_20,CL095_20,18/12/2020,31/1/2021,hot,control,Guich,0.347,548.857,18,485,1370,26.293,38.721,65.014,Yes,3,5.2,1.45,44,,,
LG324_20,CL096_20,18/12/2020,31/1/2021,hot,ablated,Guich,0.393,1377.68,5,2796,3259,26.835,NA,NA,Yes,3,4.05,1.75,44,tail tip is invisible,,
LG325_20,CL096_20,6/1/2021,21/2/2021,cold,control,Guich,0.299,717.918,6,536,2626,23.306,36.422,59.728,Yes,3,2.86,0.8,46,,,
LG341_20,CL099_20,3/1/2021,2/3/2021,cold,ablated,Guich,0.241,1305.69,7,34,117,22.511,30.771,53.282,Yes,3,27,11,58,,,
LG366_20,CL106_20,8/1/2021,2/3/2021,cold,control,Guich,0.324,417.033,17,358,1749,25.207,34.376,59.583,Yes,3,4.34,1.36,53,,,
LG368_20,CL107_20,18/12/2020,21/2/2021,hot,ablated,Guich,0.395,999.933,23,3112,3122,26.057,39.706,65.763,Yes,3,4.24,1.44,65,,,
LG377_20,CL110_20,8/1/2021,2/3/2021,cold,control,Guich,0.35,531.238,3,2097,3415,25.643,NA,NA,Yes,3,12.73,5.18,53,,,
LG411_20,CL122_20,25/12/2020,11/2/2021,hot,control,Guich,0.34,1730.22,21,364,462,NA,NA,NA,Yes,3,5.03,2.14,48,cannot see cloaca,,
LG413_20,CL122_20,9/1/2021,21/2/2021,cold,control,Guich,0.299,508.9,2,12,150,23.326,NA,NA,Yes,3,6.31,1.84,43,part of tail is invisible,,
LG414_20,CL122_20,24/12/2020,21/2/2021,hot,ablated,Guich,0.515,768.666,NA,NA,NA,27.309,45.761,73.07,Yes,3,3.35,1.18,59,,,
LG450_20,CL133_20,30/12/2020,21/2/2021,hot,ablated,Guich,0.329,545.269,2,NA,NA,27.811,39.267,67.078,Yes,3,3.25,1.14,53,,,
LG455_20,CL135_20,31/12/2020,11/2/2021,hot,ablated,Guich,0.281,622.63,12,372,851,24.615,36.159,60.774,Yes,3,3.06,1.04,42,,,
LG457_20,CL136_20,31/12/2020,2/3/2021,hot,ablated,Guich,0.374,855.104,1,135,3463,26.456,34.221,60.677,Yes,3,12.17,4.76,61,,,
LG467_20,CL139_20,2/1/2021,21/2/2021,hot,ablated,Guich,0.329,785.618,6,299,573,23.438,NA,NA,Yes,3,6.73,2.28,50,,,
LG548_20,CL161_20,10/1/2021,21/2/2021,hot,ablated,Guich,0.245,1384.18,17,190,257,22.241,33.678,55.919,Yes,3,4.74,2.15,42,,,
LG549_20,CL161_20,10/1/2021,2/3/2021,hot,control,Guich,0.36,931.203,19,670,4185,25.804,NA,NA,Yes,3,5.76,1.87,51,,,